{"stats":{"minecraft:dropped":{"minecraft:iron_sword":2,"minecraft:lapis_lazuli":3,"legendary_monsters:ancient_dripstone_brick_stairs":1,"mowziesmobs:ice_crystal":1,"minecraft:crossbow":1,"ecologics:walnut_sapling":4,"oceanic_delight:salmon_eggs":2,"minecraft:saddle":3,"farmersdelight:rice":2,"minecraft:emerald":4,"minecraft:flint":9,"minecraft:crimson_roots":4,"minecraft:cut_sandstone":1,"minecraft:gold_nugget":2,"minecraft:sand":33,"minecraft:glistering_melon_slice":5,"minecraft:iron_pickaxe":1,"minecraft:bone":8,"minecraft:crimson_fungus":1,"minecraft:mangrove_roots":2,"minecraft:iron_nugget":5,"minecraft:golden_chestplate":1,"minecraft:wheat":137,"minecraft:obsidian":1,"ecologics:coconut_log":1,"minecraft:rotten_flesh":37,"minecraft:oak_planks":4,"legendary_monsters:ancient_dripstone_block":6,"minecraft:carrot":1,"minecraft:chainmail_chestplate":1,"minecraft:sandstone_wall":2,"minecraft:gunpowder":1,"minecraft:leather_boots":2,"minecraft:chainmail_boots":1,"minecraft:arrow":22,"aquamirae:sharp_bones":6,"minecraft:written_book":1,"minecraft:egg":3,"farmersdelight:tomato_seeds":12,"minecraft:bread":84,"minecraft:wheat_seeds":19,"minecraft:golden_helmet":1,"minecraft:golden_horse_armor":1,"minecraft:poisonous_potato":1,"minecraft:feather":3,"minecraft:iron_helmet":1,"minecraft:cobblestone":43,"realmrpg_quests:ring_of_wind_lesser":1,"minecraft:coal":3,"minecraft:golden_apple":1,"minecraft:stick":24,"minecraft:iron_leggings":1,"minecraft:paper":10,"legendary_monsters:monstrous_anchor":1,"minecraft:string":11,"minecraft:lily_pad":5,"legendary_monsters:ancient_sandstone_shard":1,"vinery:cherry":2,"ecologics:walnut_log":4,"minecraft:spruce_sapling":18,"alexsmobs:maggot":2,"epicfight:uchigatana":4,"minecraft:coarse_dirt":8,"legendary_monsters:ancient_dripstone_bricks":1,"minecraft:raw_iron":1,"farmersdelight:cabbage_seeds":3,"minecraft:chicken":1,"minecraft:cobbled_deepslate_slab":1,"minecraft:pumpkin_seeds":7,"minecraft:filled_map":2,"minecraft:allium":11,"vinery:dark_cherry_log":4,"minecraft:iron_chestplate":1,"minecraft:spider_eye":5,"minecraft:spruce_log":74,"minecraft:bow":2,"minecraft:stone_pickaxe":1,"farm_and_charm:tomato":1,"epicfight:skillbook":10},"minecraft:custom":{"minecraft:interact_with_crafting_table":22,"minecraft:open_barrel":84,"minecraft:leave_game":13,"minecraft:time_since_death":279794,"minecraft:sprint_one_cm":1915495,"minecraft:damage_blocked_by_shield":215,"minecraft:drop":193,"minecraft:talked_to_villager":62,"minecraft:play_time":573282,"minecraft:deaths":13,"minecraft:jump":6946,"minecraft:walk_on_water_one_cm":51661,"minecraft:interact_with_furnace":13,"minecraft:traded_with_villager":223,"minecraft:interact_with_cartography_table":1,"minecraft:sleep_in_bed":34,"some_assembly_required:burgers_eaten":2,"minecraft:damage_dealt":32439,"minecraft:player_kills":2,"minecraft:crouch_one_cm":50923,"minecraft:mob_kills":169,"minecraft:climb_one_cm":2913,"minecraft:walk_one_cm":1658211,"minecraft:raid_win":1,"minecraft:sneak_time":15718,"minecraft:walk_under_water_one_cm":74420,"minecraft:boat_one_cm":1187644,"some_assembly_required:sandwiches_eaten":2,"minecraft:total_world_time":573282,"minecraft:tune_noteblock":69,"minecraft:time_since_rest":3916,"minecraft:damage_taken":10337,"minecraft:minecart_one_cm":2119,"minecraft:swim_one_cm":92358,"minecraft:fly_one_cm":2430755,"minecraft:open_chest":77,"minecraft:fall_one_cm":664663},"minecraft:picked_up":{"minecraft:iron_chestplate":1,"minecraft:wheat":146,"minecraft:chainmail_boots":1,"minecraft:flower_pot":3,"minecraft:smithing_table":1,"vinery:red_grape_seeds":18,"minecraft:brewing_stand":1,"minecraft:string":22,"minecraft:raw_copper":93,"minecraft:beetroot":8,"minecraft:diamond_leggings":1,"minecraft:gold_nugget":2,"minecraft:cobbled_deepslate":4,"bosses_of_mass_destruction:soul_star":1,"minecraft:spruce_planks":32,"minecraft:light_weighted_pressure_plate":1,"minecraft:iron_pickaxe":1,"ecologics:crab_claw":1,"minecraft:golden_helmet":2,"minecraft:stick":78,"ecologics:walnut_log":4,"farmersdelight:rotten_tomato":1,"graveyard:deepslate_gravestone":1,"ecologics:coconut_seedling":4,"minecraft:green_bed":11,"farm_and_charm:barley_seeds":3,"minecraft:sandstone_wall":2,"epicfight:skillbook":13,"minecraft:pointed_dripstone":10,"aquamirae:esca":2,"farm_and_charm:lettuce_seeds":2,"minecraft:cactus":9,"minecraft:rotten_flesh":40,"farmersdelight:onion":5,"ecologics:coconut_log":10,"farm_and_charm:corn":40,"minecraft:mangrove_roots":2,"vinery:dark_cherry_log":4,"minecraft:cobblestone":101,"ecologics:walnut":2,"minecraft:feather":13,"createdieselgenerators:lighter":1,"farmersdelight:rice":1,"farm_and_charm:barley":25,"minecraft:potato":59,"minecraft:flint":16,"create:raw_zinc":29,"minecraft:lapis_lazuli":21,"farmersdelight:tomato":5,"minecraft:dirt":257,"aquamirae:fin":3,"brewery:hops_seeds":6,"minecraft:leather_boots":2,"minecraft:bone":21,"minecraft:bow":2,"minecraft:wheat_seeds":20,"minecraft:raw_gold":10,"minecraft:deepslate_brick_slab":1,"create_new_age:magnetite_block":14,"minecraft:cobbled_deepslate_slab":2,"minecraft:fletching_table":2,"minecraft:diamond_helmet":1,"minecraft:oak_planks":42,"brewery:gingerbread":2,"ecologics:prickly_pear":3,"minecraft:poisonous_potato":2,"vinery:dark_cherry_sapling":2,"minecraft:sand":58,"minecraft:ink_sac":13,"minecraft:barrel":1,"minecraft:mossy_cobblestone":15,"graveyard:upper_bone_staff":1,"farm_and_charm:tomato":5,"some_assembly_required:sandwich":4,"minecraft:crossbow":1,"legendary_monsters:ancient_sandstone_shard":2,"minecraft:emerald":11,"minecraft:bread":41,"alexsmobs:maggot":2,"minecraft:oak_sapling":13,"minecraft:netherrack":6,"minecraft:crimson_roots":4,"minecraft:coarse_dirt":8,"minecraft:crafting_table":3,"create_new_age:thorium":73,"minecraft:allium":11,"minecraft:chicken":2,"ecologics:seashell":3,"minecraft:gold_block":6,"minecraft:shield":1,"aquamirae:sharp_bones":6,"legendary_monsters:ancient_spike":11,"minecraft:iron_axe":1,"minecraft:item_frame":1,"minecraft:iron_shovel":1,"ecologics:walnut_sapling":11,"minecraft:beef":2,"minecraft:oak_boat":3,"vinery:cherry":2,"legendary_monsters:ancient_dripstone_block":4,"legendary_monsters:monstrous_anchor":1,"minecraft:sugar_cane":21,"minecraft:egg":3,"minecraft:raw_iron":49,"ecologics:coconut_slice":12,"artifacts:charm_of_sinking":1,"farmersdelight:tomato_seeds":12,"minecraft:carrot":56,"minecraft:dark_oak_planks":1,"minecraft:tnt":10,"minecraft:arrow":22,"minecraft:diamond_chestplate":1,"minecraft:beetroot_seeds":6,"minecraft:diamond_boots":1,"minecraft:hay_block":47,"mowziesmobs:ice_crystal":1,"farm_and_charm:strawberry":9,"mowziesmobs:umvuthana_mask_bliss":1,"minecraft:gold_ingot":8,"realmrpg_quests:ring_of_wind_lesser":2,"minecraft:skeleton_skull":1,"mowziesmobs:umvuthana_mask_fury":1,"minecraft:lime_bed":1,"farmersdelight:rich_soil":1,"minecraft:cut_sandstone":1,"minecraft:leather":5,"minecraft:crimson_fungus":1,"minecraft:lily_pad":5,"minecraft:oak_log":32,"minecraft:chainmail_chestplate":1,"minecraft:yellow_bed":2,"minecraft:gunpowder":9,"farm_and_charm:onion":5,"minecraft:white_banner":4,"farmersdelight:organic_compost":5,"minecraft:smooth_sandstone":12,"mowziesmobs:umvuthana_mask_rage":2,"minecraft:kelp":2,"minecraft:iron_ingot":13,"minecraft:iron_sword":3,"minecraft:flowering_azalea":3,"farm_and_charm:lettuce":17,"minecraft:pumpkin":1,"minecraft:sweet_berries":6,"minecraft:chiseled_stone_bricks":1,"minecraft:gravel":19,"minecraft:spruce_sapling":93,"epicfight:uchigatana":2,"minecraft:blast_furnace":3,"minecraft:white_bed":1,"minecraft:spruce_log":943,"minecraft:spider_eye":5,"minecraft:oak_wood":4,"minecraft:diamond_shovel":1,"minecraft:pumpkin_seeds":2,"minecraft:stone_axe":1,"minecraft:iron_helmet":2,"minecraft:diamond_axe":1,"minecraft:baked_potato":25,"minecraft:coal":20,"minecraft:sunflower":1},"minecraft:broken":{"minecraft:iron_shovel":1,"minecraft:iron_axe":3,"minecraft:iron_helmet":1},"minecraft:killed":{"graveyard:skeleton_creeper":1,"minecraft:spider":12,"minecraft:skeleton":22,"legendary_monsters:bomber":1,"minecraft:chicken":1,"realmrpg_demons:chort":6,"ecologics:coconut_crab":2,"minecraft:cat":1,"minecraft:iron_golem":2,"minecraft:creeper":13,"minecraft:pillager":19,"minecraft:zombie":17,"alexsmobs:fly":2,"mowziesmobs:umvuthana_raptor":1,"minecraft:cow":1,"minecraft:vindicator":3,"alexsmobs:seagull":7,"minecraft:horse":2,"minecraft:husk":15,"alexsmobs:guster":2,"aquamirae:maw":5,"graveyard:ghoul":3,"minecraft:bat":1,"legendary_monsters:ambusher":2,"mowziesmobs:umvuthana_follower_raptor":4,"ecologics:squirrel":4,"legendary_monsters:spiky_bug":14,"aquamirae:anglerfish":1,"cnb:lizard":3,"minecraft:enderman":2},"minecraft:used":{"minecraft:iron_shovel":257,"minecraft:chest":5,"minecraft:shield":3,"minecraft:iron_chestplate":1,"minecraft:carrot":56,"minecraft:deepslate_brick_slab":1,"ecologics:prickly_pear":2,"farmersdelight:tomato":4,"farmersdelight:rotten_tomato":1,"minecraft:iron_helmet":1,"minecraft:sweet_berries":6,"minecraft:oak_sapling":7,"minecraft:furnace":2,"minecraft:cooked_cod":6,"minecraft:gold_block":1,"minecraft:potato":20,"graveyard:deepslate_gravestone":1,"epicfight:skillbook":24,"minecraft:stone_pickaxe":71,"minecraft:oak_planks":13,"minecraft:cactus":8,"minecraft:golden_apple":1,"minecraft:sand":31,"some_assembly_required:sandwich":4,"minecraft:bread":126,"minecraft:gravel":19,"legendary_monsters:monstrous_anchor":2,"graveyard:upper_bone_staff":1,"minecraft:oak_boat":4,"minecraft:bone_meal":21,"minecraft:netherrack":6,"minecraft:dirt":304,"minecraft:oak_wood":1,"createdieselgenerators:lighter":1,"minecraft:iron_hoe":88,"minecraft:dark_oak_planks":1,"minecraft:light_weighted_pressure_plate":1,"minecraft:iron_axe":44,"minecraft:smooth_sandstone":12,"minecraft:barrel":1,"ecologics:walnut":1,"minecraft:cobbled_deepslate":4,"farm_and_charm:tomato":1,"minecraft:iron_leggings":1,"minecraft:water_bucket":1,"minecraft:baked_potato":18,"minecraft:green_bed":11,"minecraft:fletching_table":5,"minecraft:mossy_cobblestone":7,"minecraft:lime_bed":1,"minecraft:crafting_table":4,"brewery:corn":1,"minecraft:white_bed":1,"minecraft:apple":1,"minecraft:flower_pot":3,"minecraft:iron_pickaxe":265,"minecraft:spruce_sapling":33,"minecraft:chiseled_stone_bricks":1,"minecraft:cobblestone":84,"minecraft:cobbled_deepslate_slab":1,"minecraft:white_banner":4,"minecraft:bucket":1,"minecraft:yellow_bed":2,"alexsmobs:animal_dictionary":1,"epicfight:uchigatana":514},"minecraft:mined":{"minecraft:dark_oak_planks":1,"minecraft:white_bed":1,"minecraft:oak_sapling":2,"farmersdelight:rich_soil":1,"minecraft:brewing_stand":1,"minecraft:grass_block":182,"minecraft:chiseled_stone_bricks":1,"ecologics:prickly_pear":1,"minecraft:spawner":3,"minecraft:tall_seagrass":1,"minecraft:iron_ore":48,"minecraft:fire":2,"minecraft:barrel":1,"graveyard:upper_bone_staff":1,"minecraft:pumpkin":1,"minecraft:fletching_table":2,"minecraft:pointed_dripstone":3,"minecraft:dirt_path":51,"farm_and_charm:wild_strawberries":3,"minecraft:white_banner":1,"legendary_monsters:ancient_dripstone_brick_stairs":1,"minecraft:green_bed":10,"ecologics:pot":1,"brewery:wild_hops":3,"farmersdelight:organic_compost":3,"minecraft:crimson_nylium":2,"graveyard:deepslate_gravestone":1,"ecologics:walnut_sapling":1,"minecraft:powder_snow":1,"farm_and_charm:wild_beetroots":2,"farm_and_charm:wild_carrots":1,"minecraft:blast_furnace":3,"vinery:red_grape_bush":7,"minecraft:cobblestone":24,"minecraft:sugar_cane":9,"minecraft:oak_planks":21,"minecraft:skeleton_skull":1,"minecraft:seagrass":2,"farmersdelight:sandy_shrub":2,"farm_and_charm:wild_onions":2,"ecologics:seashell":3,"minecraft:tnt":10,"minecraft:grass":41,"minecraft:oak_log":1,"minecraft:sand":26,"minecraft:dirt":9,"minecraft:netherrack":8,"minecraft:oak_leaves":5,"minecraft:deepslate":1,"create:zinc_ore":29,"minecraft:mossy_cobblestone":15,"minecraft:potted_flowering_azalea_bush":3,"minecraft:mangrove_roots":2,"minecraft:cobbled_deepslate_slab":2,"minecraft:crimson_roots":1,"create_new_age:thorium_ore":23,"vinery:dark_cherry_sapling":1,"minecraft:spruce_leaves":10,"minecraft:large_fern":1,"minecraft:hay_block":47,"farmersdelight:wild_onions":5,"minecraft:deepslate_brick_slab":2,"minecraft:spruce_sapling":2,"minecraft:carrots":13,"minecraft:gold_block":10,"minecraft:potatoes":14,"minecraft:stone":62,"minecraft:smithing_table":1,"minecraft:glass_pane":1,"minecraft:basalt":1,"create_new_age:magnetite_block":14,"minecraft:smooth_sandstone":12,"minecraft:crafting_table":3,"minecraft:oak_wood":4,"farm_and_charm:wild_barley":11,"minecraft:copper_ore":29,"minecraft:tall_grass":1,"minecraft:lapis_ore":3,"minecraft:deepslate_gold_ore":6,"farmersdelight:wild_tomatoes":12,"farm_and_charm:wild_lettuce":7,"farmersdelight:wild_beetroots":6,"minecraft:cactus":3,"minecraft:lime_bed":1,"minecraft:coarse_dirt":8,"minecraft:yellow_bed":2,"minecraft:coal_ore":15,"minecraft:sunflower":1,"minecraft:gravel":26,"minecraft:stone_bricks":2,"farm_and_charm:wild_tomatoes":1,"minecraft:gold_ore":4,"farm_and_charm:wild_corn":5,"minecraft:fern":1,"legendary_monsters:ancient_dripstone_bricks":1},"minecraft:killed_by":{"minecraft:wither_skeleton":2,"legendary_monsters:ambusher":1,"legendary_monsters:ancient_guardian":3,"minecraft:husk":3,"minecraft:player":2,"aquamirae:anglerfish":1},"minecraft:crafted":{"minecraft:oak_planks":112,"minecraft:iron_boots":1,"minecraft:chest":6,"sophisticatedbackpacks:backpack":1,"minecraft:emerald":223,"minecraft:crafting_table":2,"minecraft:spruce_planks":3476,"minecraft:iron_helmet":1,"minecraft:fletching_table":4,"minecraft:stick":7028,"minecraft:iron_ingot":6,"minecraft:iron_pickaxe":1,"minecraft:furnace":2,"minecraft:bone_meal":21,"minecraft:iron_axe":3,"minecraft:iron_hoe":1,"minecraft:stone_pickaxe":1,"minecraft:wheat":416,"sophisticatedbackpacks:iron_backpack":1,"sophisticatedbackpacks:gold_backpack":1,"minecraft:bucket":1,"minecraft:bread":158,"minecraft:air":0,"minecraft:oak_boat":1,"minecraft:iron_leggings":1}},"DataVersion":3465}