{"stats":{"minecraft:killed":{"minecraft:cave_spider":1,"minecraft:witch":1,"minecraft:spider":11,"mowziesmobs:frostmaw":1,"minecraft:skeleton":23,"legendary_monsters:bomber":1,"realmrpg_demons:chort":6,"minecraft:camel":1,"minecraft:iron_golem":2,"minecraft:creeper":12,"legendary_monsters:ancient_guardian":1,"minecraft:pillager":20,"minecraft:zombie":21,"minecraft:cow":3,"graveyard:nightmare":1,"minecraft:vindicator":7,"alexsmobs:seagull":1,"cataclysm:koboleton":2,"minecraft:husk":24,"aquamirae:maw":2,"graveyard:ghoul":3,"minecraft:wandering_trader":1,"legendary_monsters:ambusher":6,"minecraft:ravager":1,"alexsmobs:crocodile":1,"legendary_monsters:spiky_bug":16,"aquamirae:anglerfish":1,"minecraft:wither_skeleton":2,"minecraft:enderman":3},"minecraft:mined":{"create:deepslate_zinc_ore":1,"minecraft:stone_pressure_plate":1,"minecraft:spruce_planks":1,"minecraft:oak_sapling":8,"minecraft:white_bed":8,"farmersdelight:rich_soil":3,"minecraft:farmland":2,"minecraft:cobblestone_stairs":15,"minecraft:grass_block":437,"sophisticatedbackpacks:iron_backpack":3,"vinery:dirt_slab":1,"minecraft:composter":5,"minecraft:spawner":4,"minecraft:iron_ore":46,"minecraft:fire":14,"minecraft:fletching_table":9,"createbigcannons:log_cannon_end":1,"minecraft:water_cauldron":2,"minecraft:dirt_path":38,"minecraft:oak_stairs":47,"minecraft:azalea_leaves":5,"ecologics:walnut_log":1,"create:veridium":1,"minecraft:green_bed":18,"minecraft:orange_bed":7,"ecologics:pot":4,"minecraft:red_bed":1,"farmersdelight:organic_compost":2,"minecraft:melon_stem":2,"minecraft:smoker":3,"minecraft:orange_terracotta":1,"legendary_monsters:ancient_dripstone_block":2,"minecraft:powder_snow":2,"minecraft:torch":4,"minecraft:blast_furnace":9,"minecraft:cobblestone":84,"minecraft:grindstone":3,"minecraft:sugar_cane":5,"minecraft:oak_planks":294,"minecraft:damaged_anvil":1,"minecraft:white_terracotta":31,"minecraft:light_weighted_pressure_plate":1,"minecraft:wheat":3,"minecraft:grass":117,"minecraft:oak_log":128,"minecraft:oak_fence_gate":1,"minecraft:sand":7,"minecraft:dirt":53,"minecraft:stonecutter":1,"minecraft:oak_leaves":5,"minecraft:yellow_terracotta":1,"create:zinc_ore":33,"minecraft:mossy_cobblestone":3,"minecraft:oak_door":4,"minecraft:mangrove_roots":5,"minecraft:crimson_roots":3,"create_new_age:thorium_ore":20,"minecraft:spruce_leaves":5,"minecraft:cartography_table":3,"minecraft:sandstone":1,"minecraft:large_fern":5,"legendary_monsters:ancient_dripstone_tiles":2,"minecraft:hay_block":68,"minecraft:oak_trapdoor":1,"minecraft:furnace":7,"minecraft:packed_mud":1,"minecraft:bell":5,"minecraft:potatoes":90,"minecraft:deepslate_iron_ore":2,"minecraft:shroomlight":1,"minecraft:vine":2,"minecraft:stripped_oak_log":33,"minecraft:bamboo":2,"minecraft:stone":155,"minecraft:smithing_table":1,"minecraft:oak_slab":47,"minecraft:glass_pane":5,"createbigcannons:log_cannon_chamber":2,"create_new_age:magnetite_block":5,"minecraft:oak_fence":35,"minecraft:crafting_table":9,"minecraft:smooth_sandstone":12,"minecraft:emerald_ore":3,"minecraft:oak_wood":9,"ecologics:walnut_leaves":1,"minecraft:warped_roots":1,"minecraft:tall_grass":2,"minecraft:deepslate_coal_ore":1,"minecraft:coarse_dirt":2,"minecraft:lime_bed":2,"minecraft:cactus":1,"ecologics:walnut_trapdoor":1,"minecraft:sweet_berry_bush":6,"minecraft:spruce_log":2,"minecraft:yellow_bed":13,"minecraft:coal_ore":56,"minecraft:gravel":10,"ecologics:walnut_planks":5,"minecraft:stripped_acacia_wood":2,"minecraft:gold_ore":5,"minecraft:fern":3},"minecraft:dropped":{"minecraft:diamond_axe":1,"minecraft:oak_log":6,"minecraft:baked_potato":26,"legendary_monsters:ancient_dripstone_brick_stairs":1,"mowziesmobs:ice_crystal":1,"ecologics:walnut_sapling":7,"ecologics:walnut_trapdoor":1,"minecraft:flint":9,"minecraft:light_weighted_pressure_plate":1,"minecraft:emerald":5,"minecraft:dirt":2,"alexsmobs:roadrunner_feather":1,"artifacts:charm_of_sinking":1,"minecraft:gold_nugget":2,"minecraft:bone_meal":26,"minecraft:gold_ingot":8,"minecraft:bone":5,"minecraft:oak_door":3,"minecraft:stone_axe":1,"minecraft:mangrove_roots":3,"minecraft:wheat":28,"minecraft:rotten_flesh":8,"artifacts:villager_hat":1,"minecraft:oak_planks":20,"minecraft:diamond_shovel":1,"legendary_monsters:ancient_dripstone_block":4,"bosses_of_mass_destruction:soul_star":2,"minecraft:poppy":1,"minecraft:gunpowder":1,"minecraft:melon_seeds":1,"minecraft:chainmail_boots":9,"minecraft:arrow":4,"minecraft:iron_ingot":8,"minecraft:bread":42,"minecraft:wheat_seeds":24,"minecraft:golden_helmet":2,"minecraft:golden_horse_armor":1,"minecraft:diamond_leggings":1,"minecraft:iron_helmet":1,"minecraft:golden_axe":1,"minecraft:cobblestone":31,"minecraft:apple":2,"minecraft:stick":2,"farmersdelight:organic_compost":2,"minecraft:diamond_helmet":1,"minecraft:iron_leggings":11,"minecraft:iron_axe":4,"minecraft:cactus":3,"minecraft:smooth_sandstone":12,"minecraft:chainmail_leggings":19,"minecraft:iron_shovel":1,"brewery:gingerbread":3,"legendary_monsters:monstrous_anchor":1,"minecraft:string":5,"minecraft:spruce_sapling":21,"epicfight:uchigatana":3,"legendary_monsters:ancient_dripstone_bricks":1,"minecraft:green_bed":1,"minecraft:white_terracotta":31,"minecraft:filled_map":1,"minecraft:potato":171,"minecraft:hay_block":4,"minecraft:shield":2,"oceanic_delight:ancient_fish_eggs":1,"minecraft:diamond_chestplate":1,"some_assembly_required:sandwich":4,"minecraft:diamond_pickaxe":1,"minecraft:iron_chestplate":1,"minecraft:oak_sapling":25,"minecraft:spider_eye":3,"minecraft:bamboo":5,"minecraft:diamond_boots":1,"minecraft:bow":1,"minecraft:stone_pickaxe":20,"createdieselgenerators:lighter":8,"epicfight:skillbook":6},"minecraft:killed_by":{"minecraft:wither_skeleton":1,"minecraft:vindicator":1,"legendary_monsters:ancient_guardian":1,"mowziesmobs:frostmaw":1,"minecraft:husk":1,"minecraft:player":2},"minecraft:picked_up":{"minecraft:iron_chestplate":1,"minecraft:wheat":8,"minecraft:smithing_table":1,"minecraft:oak_stairs":46,"minecraft:string":19,"minecraft:iron_leggings":1,"minecraft:gold_nugget":2,"bosses_of_mass_destruction:soul_star":3,"minecraft:spruce_planks":1,"minecraft:light_weighted_pressure_plate":1,"minecraft:furnace":7,"minecraft:golden_helmet":1,"minecraft:stick":94,"ecologics:walnut_log":49,"farmersdelight:rotten_tomato":1,"minecraft:composter":5,"createbigcannons:log_cannon_chamber":2,"minecraft:oak_fence":35,"minecraft:torch":23,"minecraft:green_bed":18,"epicfight:skillbook":9,"minecraft:golden_axe":1,"createbigcannons:log_cannon_end":1,"minecraft:cauldron":2,"legendary_monsters:ancient_dripstone_bricks":2,"minecraft:orange_bed":7,"minecraft:cactus":3,"minecraft:rotten_flesh":25,"artifacts:villager_hat":1,"alexsmobs:emu_egg":1,"create:veridium":1,"minecraft:mangrove_roots":4,"minecraft:white_terracotta":31,"minecraft:snowball":4,"minecraft:cobblestone":244,"ecologics:walnut_planks":5,"ecologics:walnut":74,"minecraft:smoker":3,"minecraft:potato":334,"minecraft:flint":9,"create:raw_zinc":34,"farmersdelight:tomato":2,"minecraft:dirt":510,"minecraft:lantern":1,"aquamirae:fin":3,"cataclysm:koboleton_bone":1,"minecraft:bone":25,"minecraft:stonecutter":1,"minecraft:bow":2,"minecraft:wheat_seeds":55,"minecraft:raw_gold":5,"create_new_age:magnetite_block":5,"minecraft:bell":5,"minecraft:grindstone":3,"minecraft:fletching_table":9,"minecraft:bamboo":10,"minecraft:oak_planks":295,"brewery:gingerbread":1,"minecraft:stripped_acacia_wood":2,"legendary_monsters:ancient_dripstone_brick_stairs":1,"minecraft:sand":5,"sophisticatedbackpacks:iron_backpack":3,"minecraft:ink_sac":3,"minecraft:grass_block":2,"minecraft:mossy_cobblestone":3,"farm_and_charm:tomato":1,"legendary_monsters:anchor_handle":1,"minecraft:crossbow":1,"legendary_monsters:chiseled_ancient_dripstone_shard":7,"legendary_monsters:ancient_sandstone_shard":2,"minecraft:golden_apple":1,"cataclysm:ancient_metal_nugget":1,"minecraft:emerald":12,"minecraft:golden_horse_armor":1,"minecraft:bread":83,"minecraft:oak_sapling":82,"vinery:dirt_slab":1,"minecraft:netherrack":1,"minecraft:crimson_roots":7,"minecraft:mud":8,"minecraft:diamond_pickaxe":1,"minecraft:coarse_dirt":1,"minecraft:crafting_table":9,"create_new_age:thorium":81,"alexsmobs:roadrunner_feather":1,"minecraft:shield":1,"minecraft:cornflower":7,"aquamirae:sharp_bones":11,"minecraft:red_bed":1,"minecraft:oak_trapdoor":1,"legendary_monsters:ancient_spike":16,"minecraft:iron_axe":1,"ecologics:walnut_sapling":43,"graveyard:corruption":3,"minecraft:cartography_table":3,"aquamirae:dead_sea_scroll":1,"minecraft:beef":4,"minecraft:oak_boat":5,"legendary_monsters:ancient_dripstone_block":4,"legendary_monsters:monstrous_anchor":1,"minecraft:poppy":4,"minecraft:sugar_cane":12,"minecraft:egg":2,"minecraft:raw_iron":47,"minecraft:sandstone":1,"minecraft:oak_door":4,"ecologics:coconut_slice":4,"sophisticatedbackpacks:backpack":1,"minecraft:carrot":2,"alexsmobs:crocodile_scute":2,"oceanic_delight:ancient_fish_eggs":1,"minecraft:stone_pressure_plate":1,"minecraft:arrow":33,"minecraft:yellow_terracotta":1,"minecraft:hay_block":68,"mowziesmobs:ice_crystal":2,"minecraft:saddle":1,"minecraft:glistering_melon_slice":3,"minecraft:emerald_ore":3,"minecraft:stripped_oak_log":33,"minecraft:lime_bed":2,"farmersdelight:rich_soil":3,"minecraft:leather":2,"minecraft:red_mushroom":2,"minecraft:filled_map":1,"minecraft:packed_mud":2,"minecraft:oak_log":218,"minecraft:yellow_bed":13,"minecraft:gunpowder":22,"minecraft:cobblestone_stairs":14,"minecraft:white_banner":3,"farmersdelight:organic_compost":2,"minecraft:smooth_sandstone":12,"minecraft:apple":5,"ecologics:walnut_trapdoor":2,"minecraft:oak_fence_gate":1,"minecraft:iron_ingot":26,"minecraft:stone_pickaxe":10,"minecraft:oak_slab":48,"minecraft:sweet_berries":36,"legendary_monsters:ancient_dripstone_tiles":2,"minecraft:gravel":8,"minecraft:spruce_sapling":24,"epicfight:uchigatana":4,"minecraft:blast_furnace":9,"minecraft:white_bed":8,"minecraft:spruce_log":234,"minecraft:spider_eye":6,"alexsmobs:raw_catfish":2,"minecraft:oak_wood":54,"minecraft:warped_roots":1,"minecraft:baked_potato":1,"minecraft:melon_seeds":1,"minecraft:damaged_anvil":1,"minecraft:coal":115},"minecraft:custom":{"minecraft:interact_with_crafting_table":59,"minecraft:open_barrel":67,"minecraft:bell_ring":45,"minecraft:leave_game":8,"minecraft:time_since_death":304505,"minecraft:damage_resisted":168,"minecraft:sprint_one_cm":1750605,"minecraft:damage_blocked_by_shield":420,"minecraft:drop":218,"minecraft:talked_to_villager":64,"minecraft:play_time":733865,"minecraft:deaths":8,"minecraft:jump":7936,"minecraft:walk_on_water_one_cm":39308,"minecraft:interact_with_furnace":20,"minecraft:traded_with_villager":193,"minecraft:sleep_in_bed":29,"some_assembly_required:burgers_eaten":3,"minecraft:damage_dealt":43567,"minecraft:player_kills":2,"minecraft:crouch_one_cm":193343,"minecraft:mob_kills":183,"minecraft:climb_one_cm":5930,"minecraft:walk_one_cm":1241878,"minecraft:damage_dealt_absorbed":121,"minecraft:raid_win":1,"minecraft:sneak_time":48714,"minecraft:walk_under_water_one_cm":33761,"minecraft:boat_one_cm":1253808,"minecraft:interact_with_blast_furnace":6,"some_assembly_required:sandwiches_eaten":2,"minecraft:total_world_time":733865,"minecraft:tune_noteblock":9,"minecraft:raid_trigger":1,"minecraft:time_since_rest":64,"minecraft:damage_absorbed":281,"minecraft:damage_taken":12513,"minecraft:swim_one_cm":120492,"minecraft:fly_one_cm":2299718,"minecraft:open_chest":131,"minecraft:fall_one_cm":492485},"minecraft:broken":{"minecraft:iron_shovel":1,"minecraft:iron_boots":1,"minecraft:iron_chestplate":1,"minecraft:iron_leggings":1,"minecraft:iron_axe":2,"minecraft:leather_boots":1,"minecraft:iron_pickaxe":1,"minecraft:iron_helmet":1},"minecraft:used":{"alexsmobs:emu_egg":1,"minecraft:iron_shovel":378,"minecraft:poppy":2,"minecraft:chest":2,"minecraft:shield":9,"minecraft:iron_sword":4,"minecraft:bell":5,"minecraft:rotten_flesh":2,"minecraft:carrot":3,"createbigcannons:log_cannon_chamber":3,"farmersdelight:tomato":2,"minecraft:packed_mud":1,"farmersdelight:rotten_tomato":1,"ecologics:walnut_planks":137,"minecraft:bow":21,"minecraft:sweet_berries":13,"minecraft:mangrove_roots":1,"minecraft:furnace":4,"minecraft:cooked_cod":5,"minecraft:egg":1,"minecraft:potato":204,"epicfight:skillbook":18,"minecraft:damaged_anvil":1,"minecraft:diamond_boots":1,"minecraft:oak_planks":390,"ecologics:walnut_trapdoor":10,"minecraft:composter":5,"minecraft:diamond_axe":394,"minecraft:golden_apple":3,"minecraft:sand":2,"minecraft:yellow_terracotta":1,"minecraft:blast_furnace":6,"minecraft:crossbow":10,"some_assembly_required:sandwich":9,"minecraft:string":2,"minecraft:bread":188,"minecraft:gravel":8,"ecologics:coconut_slice":2,"legendary_monsters:monstrous_anchor":96,"minecraft:smithing_table":1,"minecraft:oak_boat":6,"minecraft:bone_meal":245,"minecraft:golden_pickaxe":1,"minecraft:oak_fence":3,"minecraft:oak_trapdoor":3,"minecraft:stripped_acacia_wood":2,"sophisticatedbackpacks:iron_backpack":4,"minecraft:flint_and_steel":26,"create:veridium":1,"minecraft:spruce_planks":5,"farmersdelight:rich_soil":1,"minecraft:cooked_salmon":8,"minecraft:netherrack":1,"minecraft:oak_door":1,"minecraft:orange_bed":3,"minecraft:torch":4,"minecraft:dirt":252,"minecraft:oak_wood":9,"minecraft:oak_fence_gate":1,"createdieselgenerators:lighter":15,"vinery:dirt_slab":7,"minecraft:iron_axe":340,"minecraft:bamboo":5,"ecologics:walnut":44,"farm_and_charm:tomato":1,"minecraft:enchanted_golden_apple":1,"minecraft:golden_axe":14,"sophisticatedbackpacks:gold_backpack":3,"farmersdelight:iron_knife":3,"minecraft:cobblestone_stairs":23,"minecraft:baked_potato":15,"ecologics:walnut_sapling":5,"minecraft:fletching_table":9,"minecraft:green_bed":17,"minecraft:leather_boots":1,"minecraft:mossy_cobblestone":3,"minecraft:oak_slab":4,"minecraft:lime_bed":2,"minecraft:crafting_table":14,"minecraft:red_bed":1,"minecraft:white_bed":5,"minecraft:smoker":1,"minecraft:oak_log":77,"minecraft:apple":2,"minecraft:diamond_pickaxe":316,"createbigcannons:log_cannon_end":2,"minecraft:diamond_shovel":165,"minecraft:iron_pickaxe":253,"minecraft:spruce_sapling":3,"minecraft:cobblestone":140,"minecraft:yellow_bed":12,"alexsmobs:animal_dictionary":2,"minecraft:stripped_oak_log":1,"epicfight:uchigatana":543},"minecraft:crafted":{"minecraft:oak_planks":732,"createbigcannons:log_cannon_end":1,"createbigcannons:empty_powder_charge":1,"ecologics:walnut_planks":196,"minecraft:cobblestone_stairs":12,"minecraft:diamond_shovel":2,"minecraft:diamond_helmet":2,"minecraft:diamond_leggings":3,"minecraft:iron_boots":1,"minecraft:chest":2,"vinery:dirt_slab":6,"minecraft:oak_button":1,"minecraft:emerald":118,"legendary_monsters:monstrous_anchor":1,"minecraft:diamond_axe":4,"minecraft:crafting_table":5,"minecraft:spruce_planks":936,"farmersdelight:iron_knife":1,"minecraft:baked_potato":50,"minecraft:iron_helmet":1,"minecraft:smithing_table":1,"minecraft:fletching_table":1,"brewery:gingerbread":2,"minecraft:iron_chestplate":2,"minecraft:diamond_pickaxe":1,"minecraft:shield":2,"minecraft:stick":2884,"minecraft:iron_ingot":60,"minecraft:iron_pickaxe":1,"minecraft:iron_block":1,"minecraft:gold_ingot":15,"minecraft:oak_door":3,"minecraft:leather_boots":1,"createbigcannons:log_cannon_chamber":1,"minecraft:bone_meal":285,"minecraft:oak_trapdoor":4,"minecraft:flint_and_steel":1,"minecraft:iron_axe":5,"minecraft:stone_pickaxe":10,"minecraft:diamond_boots":3,"minecraft:chainmail_leggings":19,"minecraft:wheat":279,"sophisticatedbackpacks:iron_backpack":1,"createdieselgenerators:lighter":10,"sophisticatedbackpacks:gold_backpack":2,"ecologics:walnut_trapdoor":10,"minecraft:bread":92,"minecraft:air":0,"minecraft:oak_boat":1,"minecraft:white_wool":1,"minecraft:chainmail_boots":9,"minecraft:iron_shovel":3,"minecraft:iron_leggings":11,"minecraft:torch":4,"minecraft:diamond_chestplate":2}},"DataVersion":3465}