{
  "incendium:technical/sentrys_wrath": {
    "criteria": {
      "log_spam_fixer": "2025-05-25 21:43:12 -0400"
    },
    "done": false
  },
  "create:root": {
    "criteria": {
      "0": "2025-05-25 21:42:58 -0400"
    },
    "done": true
  },
  "incendium:technical/on_player_hurt": {
    "criteria": {
      "log_spam_fixer": "2025-05-25 21:43:12 -0400"
    },
    "done": false
  },
  "minecraft:recipes/decorations/crafting_table": {
    "criteria": {
      "unlock_right_away": "2025-05-25 21:43:07 -0400"
    },
    "done": true
  },
  "mowziesmobs:root": {
    "criteria": {
      "custom_test_name": "2025-05-25 21:43:07 -0400"
    },
    "done": true
  },
  "incendium:technical/new_player": {
    "criteria": {
      "requirement": "2025-05-25 21:43:07 -0400"
    },
    "done": true
  },
  "incendium:technical/on_kill": {
    "criteria": {
      "log_spam_fixer": "2025-05-25 21:43:12 -0400"
    },
    "done": false
  },
  "pizzadelight:root": {
    "criteria": {
      "tick": "2025-05-25 21:43:07 -0400"
    },
    "done": true
  },
  "incendium:technical/on_inventory_change": {
    "criteria": {
      "log_spam_fixer": "2025-05-25 21:43:12 -0400"
    },
    "done": false
  },
  "nethers_exoticism:nethers_exoticism_adv": {
    "criteria": {
      "nethers_exoticism_adv": "2025-05-25 21:42:58 -0400"
    },
    "done": true
  },
  "incendium:technical/holy_wrath": {
    "criteria": {
      "log_spam_fixer": "2025-05-25 21:43:12 -0400"
    },
    "done": false
  },
  "incendium:technical/on_block": {
    "criteria": {
      "log_spam_fixer": "2025-05-25 21:43:12 -0400"
    },
    "done": false
  },
  "realmrpg_quests:root": {
    "criteria": {
      "root_0": "2025-05-25 21:43:07 -0400"
    },
    "done": true
  },
  "legendary_monsters:legendary_monsters_root": {
    "criteria": {
      "custom_test_name": "2025-05-25 21:43:07 -0400"
    },
    "done": true
  },
  "incendium:technical/using/shield": {
    "criteria": {
      "log_spam_fixer": "2025-05-25 21:43:12 -0400"
    },
    "done": false
  },
  "farm_and_charm:main/find_wild_crops": {
    "criteria": {
      "oat": "2025-05-25 21:42:58 -0400",
      "wild_strawberry": "2025-05-25 21:42:58 -0400",
      "corn": "2025-05-25 21:42:58 -0400",
      "onion": "2025-05-25 21:42:58 -0400",
      "wild_corn": "2025-05-25 21:42:58 -0400",
      "wild_ribwort": "2025-05-25 21:42:58 -0400",
      "strawberry": "2025-05-25 21:42:58 -0400",
      "wild_nettle": "2025-05-25 21:42:58 -0400",
      "barley": "2025-05-25 21:42:58 -0400",
      "tomato": "2025-05-25 21:42:58 -0400",
      "lettuce": "2025-05-25 21:42:58 -0400",
      "wild_lettuce": "2025-05-25 21:42:58 -0400",
      "wild_tomatoes": "2025-05-25 21:42:58 -0400",
      "oat_seeds": "2025-05-25 21:42:58 -0400",
      "tomato_seeds": "2025-05-25 21:42:58 -0400",
      "barley_seeds": "2025-05-25 21:42:58 -0400",
      "strawberry_seeds": "2025-05-25 21:42:58 -0400",
      "lettuce_seeds": "2025-05-25 21:42:58 -0400",
      "kernels": "2025-05-25 21:42:58 -0400",
      "wild_barley": "2025-05-25 21:42:58 -0400",
      "wild_onion": "2025-05-25 21:42:58 -0400",
      "wild_oat": "2025-05-25 21:42:58 -0400"
    },
    "done": true
  },
  "incendium:technical/inventory/sentrys_wrath": {
    "criteria": {
      "log_spam_fixer": "2025-05-25 21:43:12 -0400"
    },
    "done": false
  },
  "create_connected:root": {
    "criteria": {
      "0": "2025-05-25 21:42:58 -0400"
    },
    "done": true
  },
  "legendary_monsters:end_root": {
    "criteria": {
      "custom_test_name": "2025-05-25 21:43:07 -0400"
    },
    "done": true
  },
  "incendium:technical/feed_ghastling": {
    "criteria": {
      "log_spam_fixer": "2025-05-25 21:43:12 -0400"
    },
    "done": false
  },
  "incendium:technical/firestorm": {
    "criteria": {
      "log_spam_fixer": "2025-05-25 21:43:12 -0400"
    },
    "done": false
  },
  "farm_and_charm:main/root": {
    "criteria": {
      "example_criterion": "2025-05-25 21:43:12 -0400"
    },
    "done": true
  },
  "eeeabsmobs:eeeabsmobs/root": {
    "criteria": {
      "requirement": "2025-05-25 21:43:07 -0400"
    },
    "done": true
  },
  "incendium:technical/inventory/firestorm": {
    "criteria": {
      "log_spam_fixer": "2025-05-25 21:43:12 -0400"
    },
    "done": false
  },
  "cataclysm:root": {
    "criteria": {
      "custom_test_name": "2025-05-25 21:43:07 -0400"
    },
    "done": true
  },
  "incendium:technical/give_ghastling": {
    "criteria": {
      "log_spam_fixer": "2025-05-25 21:43:12 -0400"
    },
    "done": false
  },
  "vinery:main/root": {
    "criteria": {
      "seeds": "2025-05-25 21:42:58 -0400"
    },
    "done": true
  },
  "incendium:technical/scroll_of_returning": {
    "criteria": {
      "log_spam_fixer": "2025-05-25 21:43:12 -0400"
    },
    "done": false
  },
  "incendium:technical/multiplex_crossbow": {
    "criteria": {
      "log_spam_fixer": "2025-05-25 21:43:12 -0400"
    },
    "done": false
  },
  "incendium:technical/using/ragnarok": {
    "criteria": {
      "log_spam_fixer": "2025-05-25 21:43:12 -0400"
    },
    "done": false
  },
  "farmersdelight:main/root": {
    "criteria": {
      "seeds": "2025-05-25 21:42:58 -0400"
    },
    "done": true
  },
  "brewery:main/root": {
    "criteria": {
      "seeds": "2025-05-25 21:42:58 -0400"
    },
    "done": true
  },
  "incendium:technical/using/trailblazer": {
    "criteria": {
      "log_spam_fixer": "2025-05-25 21:43:12 -0400"
    },
    "done": false
  },
  "minecraft:adventure/adventuring_time": {
    "criteria": {
      "minecraft:desert": "2025-05-25 21:43:12 -0400"
    },
    "done": false
  },
  "legendary_monsters:nether_root": {
    "criteria": {
      "custom_test_name": "2025-05-25 21:43:07 -0400"
    },
    "done": true
  },
  "DataVersion": 3465
}