{
  "create:root": {
    "criteria": {
      "0": "2025-05-28 03:01:15 +0000"
    },
    "done": true
  },
  "minecraft:recipes/decorations/crafting_table": {
    "criteria": {
      "unlock_right_away": "2025-05-28 03:01:15 +0000"
    },
    "done": true
  },
  "mowziesmobs:root": {
    "criteria": {
      "custom_test_name": "2025-05-28 03:01:15 +0000"
    },
    "done": true
  },
  "incendium:technical/new_player": {
    "criteria": {
      "requirement": "2025-05-28 03:01:15 +0000"
    },
    "done": true
  },
  "pizzadelight:root": {
    "criteria": {
      "tick": "2025-05-28 03:01:15 +0000"
    },
    "done": true
  },
  "nethers_exoticism:nethers_exoticism_adv": {
    "criteria": {
      "nethers_exoticism_adv": "2025-05-28 03:01:15 +0000"
    },
    "done": true
  },
  "realmrpg_quests:root": {
    "criteria": {
      "root_0": "2025-05-28 03:01:15 +0000"
    },
    "done": true
  },
  "legendary_monsters:legendary_monsters_root": {
    "criteria": {
      "custom_test_name": "2025-05-28 03:01:15 +0000"
    },
    "done": true
  },
  "incendium:technical/using/shield": {
    "criteria": {
      "log_spam_fixer": "2025-05-28 03:01:15 +0000"
    },
    "done": false
  },
  "farm_and_charm:main/find_wild_crops": {
    "criteria": {
      "oat": "2025-05-28 03:01:15 +0000",
      "wild_strawberry": "2025-05-28 03:01:15 +0000",
      "corn": "2025-05-28 03:01:15 +0000",
      "onion": "2025-05-28 03:01:15 +0000",
      "wild_corn": "2025-05-28 03:01:15 +0000",
      "wild_ribwort": "2025-05-28 03:01:15 +0000",
      "strawberry": "2025-05-28 03:01:15 +0000",
      "wild_nettle": "2025-05-28 03:01:15 +0000",
      "barley": "2025-05-28 03:01:15 +0000",
      "tomato": "2025-05-28 03:01:15 +0000",
      "lettuce": "2025-05-28 03:01:15 +0000",
      "wild_lettuce": "2025-05-28 03:01:15 +0000",
      "wild_tomatoes": "2025-05-28 03:01:15 +0000",
      "oat_seeds": "2025-05-28 03:01:15 +0000",
      "tomato_seeds": "2025-05-28 03:01:15 +0000",
      "barley_seeds": "2025-05-28 03:01:15 +0000",
      "strawberry_seeds": "2025-05-28 03:01:15 +0000",
      "lettuce_seeds": "2025-05-28 03:01:15 +0000",
      "kernels": "2025-05-28 03:01:15 +0000",
      "wild_barley": "2025-05-28 03:01:15 +0000",
      "wild_onion": "2025-05-28 03:01:15 +0000",
      "wild_oat": "2025-05-28 03:01:15 +0000"
    },
    "done": true
  },
  "create_connected:root": {
    "criteria": {
      "0": "2025-05-28 03:01:15 +0000"
    },
    "done": true
  },
  "legendary_monsters:end_root": {
    "criteria": {
      "custom_test_name": "2025-05-28 03:01:15 +0000"
    },
    "done": true
  },
  "farm_and_charm:main/root": {
    "criteria": {
      "example_criterion": "2025-05-28 03:01:15 +0000"
    },
    "done": true
  },
  "eeeabsmobs:eeeabsmobs/root": {
    "criteria": {
      "requirement": "2025-05-28 03:01:15 +0000"
    },
    "done": true
  },
  "cataclysm:root": {
    "criteria": {
      "custom_test_name": "2025-05-28 03:01:15 +0000"
    },
    "done": true
  },
  "vinery:main/root": {
    "criteria": {
      "seeds": "2025-05-28 03:01:15 +0000"
    },
    "done": true
  },
  "incendium:technical/scroll_of_returning": {
    "criteria": {
      "log_spam_fixer": "2025-05-28 03:01:15 +0000"
    },
    "done": false
  },
  "incendium:technical/using/ragnarok": {
    "criteria": {
      "log_spam_fixer": "2025-05-28 03:01:15 +0000"
    },
    "done": false
  },
  "farmersdelight:main/root": {
    "criteria": {
      "seeds": "2025-05-28 03:01:15 +0000"
    },
    "done": true
  },
  "brewery:main/root": {
    "criteria": {
      "seeds": "2025-05-28 03:01:15 +0000"
    },
    "done": true
  },
  "incendium:technical/using/trailblazer": {
    "criteria": {
      "log_spam_fixer": "2025-05-28 03:01:15 +0000"
    },
    "done": false
  },
  "minecraft:adventure/adventuring_time": {
    "criteria": {
      "minecraft:snowy_slopes": "2025-06-02 02:23:55 +0000",
      "minecraft:old_growth_pine_taiga": "2025-06-01 07:29:04 +0000",
      "minecraft:taiga": "2025-06-01 07:26:29 +0000",
      "minecraft:frozen_river": "2025-06-01 07:21:22 +0000",
      "minecraft:birch_forest": "2025-06-01 06:00:09 +0000",
      "minecraft:wooded_badlands": "2025-06-01 05:47:42 +0000",
      "minecraft:badlands": "2025-06-01 07:05:36 +0000",
      "minecraft:beach": "2025-06-01 05:55:49 +0000",
      "minecraft:dark_forest": "2025-06-01 05:54:10 +0000",
      "minecraft:sparse_jungle": "2025-06-01 07:06:22 +0000",
      "minecraft:river": "2025-05-28 03:01:40 +0000",
      "minecraft:lukewarm_ocean": "2025-06-01 07:07:13 +0000",
      "minecraft:snowy_plains": "2025-06-01 07:21:29 +0000",
      "minecraft:stony_shore": "2025-06-01 05:49:21 +0000",
      "minecraft:snowy_taiga": "2025-06-01 07:20:20 +0000",
      "minecraft:cold_ocean": "2025-06-01 06:12:09 +0000",
      "minecraft:forest": "2025-06-01 07:08:46 +0000",
      "minecraft:deep_cold_ocean": "2025-06-01 06:12:36 +0000",
      "minecraft:ice_spikes": "2025-06-01 06:54:40 +0000",
      "minecraft:frozen_ocean": "2025-06-01 06:44:30 +0000",
      "minecraft:desert": "2025-05-28 03:01:15 +0000",
      "minecraft:deep_frozen_ocean": "2025-06-01 06:44:46 +0000",
      "minecraft:jungle": "2025-06-01 05:48:31 +0000",
      "minecraft:ocean": "2025-06-01 05:56:19 +0000",
      "minecraft:old_growth_spruce_taiga": "2025-06-02 02:00:40 +0000",
      "minecraft:snowy_beach": "2025-06-01 06:54:25 +0000",
      "minecraft:warm_ocean": "2025-06-01 05:47:09 +0000",
      "minecraft:savanna": "2025-06-06 03:38:00 +0000",
      "minecraft:plains": "2025-06-01 06:17:51 +0000"
    },
    "done": false
  },
  "legendary_monsters:nether_root": {
    "criteria": {
      "custom_test_name": "2025-05-28 03:01:15 +0000"
    },
    "done": true
  },
  "deeperdarker:recipes/transportation/echo_boat": {
    "criteria": {
      "in_water": "2025-05-28 03:01:34 +0000"
    },
    "done": true
  },
  "ecologics:recipes/ecologics/azalea_boat": {
    "criteria": {
      "in_water": "2025-05-28 03:01:34 +0000"
    },
    "done": true
  },
  "deeperdarker:recipes/transportation/bloom_boat": {
    "criteria": {
      "in_water": "2025-05-28 03:01:34 +0000"
    },
    "done": true
  },
  "minecraft:recipes/transportation/cherry_boat": {
    "criteria": {
      "in_water": "2025-05-28 03:01:34 +0000"
    },
    "done": true
  },
  "minecraft:recipes/transportation/bamboo_raft": {
    "criteria": {
      "in_water": "2025-05-28 03:01:34 +0000"
    },
    "done": true
  },
  "ecologics:recipes/ecologics/walnut_boat": {
    "criteria": {
      "in_water": "2025-05-28 03:01:34 +0000"
    },
    "done": true
  },
  "minecraft:recipes/transportation/acacia_boat": {
    "criteria": {
      "in_water": "2025-05-28 03:01:34 +0000"
    },
    "done": true
  },
  "minecraft:recipes/transportation/jungle_boat": {
    "criteria": {
      "in_water": "2025-05-28 03:01:34 +0000"
    },
    "done": true
  },
  "minecraft:recipes/transportation/spruce_boat": {
    "criteria": {
      "in_water": "2025-05-28 03:01:34 +0000"
    },
    "done": true
  },
  "minecraft:recipes/transportation/birch_boat": {
    "criteria": {
      "in_water": "2025-05-28 03:01:34 +0000"
    },
    "done": true
  },
  "minecraft:recipes/transportation/oak_boat": {
    "criteria": {
      "in_water": "2025-05-28 03:01:34 +0000"
    },
    "done": true
  },
  "minecraft:recipes/transportation/mangrove_boat": {
    "criteria": {
      "in_water": "2025-05-28 03:01:34 +0000"
    },
    "done": true
  },
  "endergetic:recipes/transportation/poise_boat": {
    "criteria": {
      "in_water": "2025-05-28 03:01:34 +0000"
    },
    "done": true
  },
  "ecologics:recipes/ecologics/coconut_boat": {
    "criteria": {
      "in_water": "2025-05-28 03:01:34 +0000"
    },
    "done": true
  },
  "ecologics:recipes/ecologics/flowering_azalea_boat": {
    "criteria": {
      "in_water": "2025-05-28 03:01:34 +0000"
    },
    "done": true
  },
  "minecraft:recipes/transportation/dark_oak_boat": {
    "criteria": {
      "in_water": "2025-05-28 03:01:34 +0000"
    },
    "done": true
  },
  "alexsmobs:alexsmobs/root": {
    "criteria": {
      "useitem": "2025-05-28 03:02:19 +0000"
    },
    "done": true
  },
  "minecraft:husbandry/root": {
    "criteria": {
      "consumed_item": "2025-05-28 03:02:19 +0000"
    },
    "done": true
  },
  "minecraft:recipes/misc/gold_nugget_from_blasting": {
    "criteria": {
      "has_golden_chestplate": "2025-05-28 03:09:58 +0000"
    },
    "done": true
  },
  "minecraft:recipes/misc/gold_nugget_from_smelting": {
    "criteria": {
      "has_golden_chestplate": "2025-05-28 03:09:58 +0000"
    },
    "done": true
  },
  "minecraft:story/form_obsidian": {
    "criteria": {
      "obsidian": "2025-05-28 03:10:00 +0000"
    },
    "done": true
  },
  "new_slab_variants:recipes/building_blocks/obsidian_slab": {
    "criteria": {
      "has_obsidian": "2025-05-28 03:10:00 +0000"
    },
    "done": true
  },
  "create_connected:recipes/crafting/kinetics/brake": {
    "criteria": {
      "has_item": "2025-05-28 03:10:00 +0000"
    },
    "done": true
  },
  "minecraft:recipes/tools/flint_and_steel": {
    "criteria": {
      "has_obsidian": "2025-05-28 03:10:00 +0000"
    },
    "done": true
  },
  "minecraft:recipes/decorations/enchanting_table": {
    "criteria": {
      "has_obsidian": "2025-05-28 03:10:00 +0000"
    },
    "done": true
  },
  "createbigcannons:recipes/misc/shot_balls": {
    "criteria": {
      "has_iron_nugget": "2025-05-28 03:10:03 +0000"
    },
    "done": true
  },
  "minecraft:recipes/decorations/lantern": {
    "criteria": {
      "has_iron_nugget": "2025-05-28 03:10:03 +0000"
    },
    "done": true
  },
  "create:recipes/building_blocks/ornate_iron_window": {
    "criteria": {
      "has_ingredient": "2025-05-28 03:10:03 +0000"
    },
    "done": true
  },
  "farm_and_charm:recipes/pitchfork": {
    "criteria": {
      "has_iron_nugget": "2025-05-28 03:10:03 +0000"
    },
    "done": true
  },
  "brewery:recipes/breathalyzer": {
    "criteria": {
      "has_iron_nugget": "2025-05-28 03:10:03 +0000"
    },
    "done": true
  },
  "minecraft:recipes/misc/iron_ingot_from_nuggets": {
    "criteria": {
      "has_iron_nugget": "2025-05-28 03:10:03 +0000"
    },
    "done": true
  },
  "minecraft:recipes/decorations/chain": {
    "criteria": {
      "has_iron_nugget": "2025-05-28 03:10:03 +0000"
    },
    "done": true
  },
  "createbigcannons:recipes/misc/bag_of_grapeshot": {
    "criteria": {
      "has_iron_nugget": "2025-05-28 03:10:03 +0000"
    },
    "done": true
  },
  "minecraft:recipes/decorations/fletching_table": {
    "criteria": {
      "has_flint": "2025-05-28 03:10:06 +0000"
    },
    "done": true
  },
  "minecraft:recipes/combat/arrow": {
    "criteria": {
      "has_flint": "2025-05-28 03:10:06 +0000"
    },
    "done": true
  },
  "minecraft:recipes/decorations/chest": {
    "criteria": {
      "has_lots_of_items": "2025-05-28 03:13:01 +0000"
    },
    "done": true
  },
  "farmersdelight:main/get_fd_seed": {
    "criteria": {
      "tomato_seeds": "2025-05-28 03:14:42 +0000"
    },
    "done": true
  },
  "farmersdelight:recipes/cooking/baked_cod_stew": {
    "criteria": {
      "has_any_ingredient": "2025-05-28 03:14:43 +0000"
    },
    "done": true
  },
  "farmersdelight:recipes/cooking/squid_ink_pasta": {
    "criteria": {
      "has_any_ingredient": "2025-05-28 03:14:43 +0000"
    },
    "done": true
  },
  "farmersdelight:recipes/building_blocks/tomato_crate": {
    "criteria": {
      "has_tomato": "2025-05-28 03:14:43 +0000"
    },
    "done": true
  },
  "farmersdelight:recipes/food/barbecue_stick": {
    "criteria": {
      "has_tomato": "2025-05-28 03:14:43 +0000"
    },
    "done": true
  },
  "farmersdelight:recipes/cooking/tomato_sauce": {
    "criteria": {
      "has_tomato": "2025-05-28 03:14:43 +0000"
    },
    "done": true
  },
  "farmersdelight:recipes/cooking/ratatouille": {
    "criteria": {
      "has_any_ingredient": "2025-05-28 03:14:43 +0000"
    },
    "done": true
  },
  "farmersdelight:recipes/misc/tomato_seeds": {
    "criteria": {
      "has_tomato": "2025-05-28 03:14:43 +0000"
    },
    "done": true
  },
  "farm_and_charm:recipes/cooking_pot": {
    "criteria": {
      "has_iron_ingot": "2025-05-28 03:15:55 +0000"
    },
    "done": true
  },
  "minecraft:recipes/combat/iron_helmet": {
    "criteria": {
      "has_iron_ingot": "2025-05-28 03:15:55 +0000"
    },
    "done": true
  },
  "farm_and_charm:recipes/plow": {
    "criteria": {
      "has_iron_ingot": "2025-05-28 03:15:55 +0000"
    },
    "done": true
  },
  "minecraft:recipes/tools/shears": {
    "criteria": {
      "has_iron_ingot": "2025-05-28 03:15:55 +0000"
    },
    "done": true
  },
  "farm_and_charm:recipes/mincer": {
    "criteria": {
      "has_iron_ingot": "2025-05-28 03:15:55 +0000"
    },
    "done": true
  },
  "minecraft:recipes/building_blocks/iron_block": {
    "criteria": {
      "has_iron_ingot": "2025-05-28 03:15:55 +0000"
    },
    "done": true
  },
  "farmersdelight:recipes/decorations/cooking_pot": {
    "criteria": {
      "has_iron_ingot": "2025-05-28 03:15:55 +0000"
    },
    "done": true
  },
  "create:recipes/misc/crafting/materials/andesite_alloy": {
    "criteria": {
      "has_item": "2025-05-28 03:15:55 +0000"
    },
    "done": true
  },
  "minecraft:recipes/redstone/hopper": {
    "criteria": {
      "has_iron_ingot": "2025-05-28 03:15:55 +0000"
    },
    "done": true
  },
  "minecraft:recipes/combat/iron_boots": {
    "criteria": {
      "has_iron_ingot": "2025-05-28 03:15:55 +0000"
    },
    "done": true
  },
  "minecraft:recipes/tools/iron_shovel": {
    "criteria": {
      "has_iron_ingot": "2025-05-28 03:15:55 +0000"
    },
    "done": true
  },
  "farm_and_charm:recipes/roaster": {
    "criteria": {
      "has_iron_ingot": "2025-05-28 03:15:55 +0000"
    },
    "done": true
  },
  "minecraft:recipes/redstone/iron_trapdoor": {
    "criteria": {
      "has_iron_ingot": "2025-05-28 03:15:55 +0000"
    },
    "done": true
  },
  "minecraft:recipes/combat/crossbow": {
    "criteria": {
      "has_iron_ingot": "2025-05-28 03:15:55 +0000"
    },
    "done": true
  },
  "farmersdelight:recipes/combat/iron_knife": {
    "criteria": {
      "has_iron_ingot": "2025-05-28 03:15:55 +0000"
    },
    "done": true
  },
  "vinery:recipes/big_table": {
    "criteria": {
      "has_iron_ingot": "2025-05-28 03:15:55 +0000"
    },
    "done": true
  },
  "createbigcannons:recipes/misc/solid_shot": {
    "criteria": {
      "has_iron_ingot": "2025-05-28 03:15:55 +0000"
    },
    "done": true
  },
  "minecraft:recipes/redstone/heavy_weighted_pressure_plate": {
    "criteria": {
      "has_iron_ingot": "2025-05-28 03:15:55 +0000"
    },
    "done": true
  },
  "minecraft:recipes/combat/iron_leggings": {
    "criteria": {
      "has_iron_ingot": "2025-05-28 03:15:55 +0000"
    },
    "done": true
  },
  "minecraft:recipes/combat/iron_chestplate": {
    "criteria": {
      "has_iron_ingot": "2025-05-28 03:15:55 +0000"
    },
    "done": true
  },
  "minecraft:recipes/misc/iron_nugget": {
    "criteria": {
      "has_iron_ingot": "2025-05-28 03:15:55 +0000"
    },
    "done": true
  },
  "minecraft:recipes/misc/bucket": {
    "criteria": {
      "has_iron_ingot": "2025-05-28 03:15:55 +0000"
    },
    "done": true
  },
  "minecraft:recipes/transportation/minecart": {
    "criteria": {
      "has_iron_ingot": "2025-05-28 03:15:55 +0000"
    },
    "done": true
  },
  "minecraft:recipes/tools/iron_hoe": {
    "criteria": {
      "has_iron_ingot": "2025-05-28 03:15:55 +0000"
    },
    "done": true
  },
  "minecraft:story/smelt_iron": {
    "criteria": {
      "iron": "2025-05-28 03:15:55 +0000"
    },
    "done": true
  },
  "farm_and_charm:recipes/supply_cart": {
    "criteria": {
      "has_iron_ingot": "2025-05-28 03:15:55 +0000"
    },
    "done": true
  },
  "minecraft:recipes/decorations/smithing_table": {
    "criteria": {
      "has_iron_ingot": "2025-05-28 03:15:55 +0000"
    },
    "done": true
  },
  "create:recipes/misc/crafting/kinetics/empty_blaze_burner": {
    "criteria": {
      "has_item": "2025-05-28 03:15:55 +0000"
    },
    "done": true
  },
  "minecraft:recipes/combat/iron_sword": {
    "criteria": {
      "has_iron_ingot": "2025-05-28 03:15:55 +0000"
    },
    "done": true
  },
  "minecraft:recipes/tools/iron_pickaxe": {
    "criteria": {
      "has_iron_ingot": "2025-05-28 03:15:55 +0000"
    },
    "done": true
  },
  "minecraft:recipes/combat/shield": {
    "criteria": {
      "has_iron_ingot": "2025-05-28 03:15:55 +0000"
    },
    "done": true
  },
  "minecraft:recipes/decorations/iron_bars": {
    "criteria": {
      "has_iron_ingot": "2025-05-28 03:15:55 +0000"
    },
    "done": true
  },
  "farm_and_charm:recipes/feeding_trough": {
    "criteria": {
      "has_iron_ingot": "2025-05-28 03:15:55 +0000"
    },
    "done": true
  },
  "farm_and_charm:recipes/water_sprinkler": {
    "criteria": {
      "has_iron_ingot": "2025-05-28 03:15:55 +0000"
    },
    "done": true
  },
  "minecraft:recipes/tools/iron_axe": {
    "criteria": {
      "has_iron_ingot": "2025-05-28 03:15:55 +0000"
    },
    "done": true
  },
  "farm_and_charm:recipes/crafting_bowl": {
    "criteria": {
      "has_iron_ingot": "2025-05-28 03:15:55 +0000"
    },
    "done": true
  },
  "farm_and_charm:recipes/toolrack": {
    "criteria": {
      "has_iron_ingot": "2025-05-28 03:15:55 +0000"
    },
    "done": true
  },
  "create:recipes/building_blocks/industrial_iron_block_from_ingots_iron_stonecutting": {
    "criteria": {
      "has_ingots_iron": "2025-05-28 03:15:55 +0000"
    },
    "done": true
  },
  "minecraft:recipes/redstone/iron_door": {
    "criteria": {
      "has_iron_ingot": "2025-05-28 03:15:55 +0000"
    },
    "done": true
  },
  "netherexp:recipes/bone_blocks/bone_rod": {
    "criteria": {
      "has_item": "2025-05-28 03:15:59 +0000"
    },
    "done": true
  },
  "netherexp:recipes/bone_blocks/bone_fence": {
    "criteria": {
      "has_item": "2025-05-28 03:15:59 +0000"
    },
    "done": true
  },
  "minecraft:recipes/misc/bone_meal": {
    "criteria": {
      "has_bone": "2025-05-28 03:15:59 +0000"
    },
    "done": true
  },
  "farmersdelight:recipes/cooking/bone_broth": {
    "criteria": {
      "has_bone": "2025-05-28 03:15:59 +0000"
    },
    "done": true
  },
  "minecraft:recipes/redstone/tripwire_hook": {
    "criteria": {
      "has_string": "2025-05-28 03:16:00 +0000"
    },
    "done": true
  },
  "minecraft:recipes/decorations/candle": {
    "criteria": {
      "has_string": "2025-05-28 03:16:00 +0000"
    },
    "done": true
  },
  "minecraft:recipes/combat/bow": {
    "criteria": {
      "has_string": "2025-05-28 03:16:00 +0000"
    },
    "done": true
  },
  "minecraft:recipes/tools/fishing_rod": {
    "criteria": {
      "has_string": "2025-05-28 03:16:00 +0000"
    },
    "done": true
  },
  "minecraft:recipes/building_blocks/white_wool_from_string": {
    "criteria": {
      "has_string": "2025-05-28 03:16:00 +0000"
    },
    "done": true
  },
  "minecraft:recipes/decorations/loom": {
    "criteria": {
      "has_string": "2025-05-28 03:16:00 +0000"
    },
    "done": true
  },
  "createbigcannons:recipes/misc/wrought_iron_cannon_end": {
    "criteria": {
      "has_gunpowder": "2025-05-28 03:16:01 +0000"
    },
    "done": true
  },
  "createbigcannons:recipes/misc/cannon_carriage": {
    "criteria": {
      "has_gunpowder": "2025-05-28 03:16:01 +0000"
    },
    "done": true
  },
  "createbigcannons:recipes/misc/wrought_iron_cannon_chamber": {
    "criteria": {
      "has_gunpowder": "2025-05-28 03:16:01 +0000"
    },
    "done": true
  },
  "createbigcannons:recipes/misc/powder_charge": {
    "criteria": {
      "has_gunpowder": "2025-05-28 03:16:01 +0000"
    },
    "done": true
  },
  "createbigcannons:recipes/misc/wrought_iron_drop_mortar_end": {
    "criteria": {
      "has_gunpowder": "2025-05-28 03:16:01 +0000"
    },
    "done": true
  },
  "createbigcannons:recipes/misc/log_cannon_end": {
    "criteria": {
      "has_gunpowder": "2025-05-28 03:16:01 +0000"
    },
    "done": true
  },
  "createbigcannons:recipes/misc/machine_gun_round": {
    "criteria": {
      "has_gunpowder": "2025-05-28 03:16:01 +0000"
    },
    "done": true
  },
  "createbigcannons:recipes/misc/gunpowder_pinch": {
    "criteria": {
      "has_gunpowder": "2025-05-28 03:16:01 +0000"
    },
    "done": true
  },
  "createbigcannons:recipes/misc/empty_powder_charge": {
    "criteria": {
      "has_gunpowder": "2025-05-28 03:16:01 +0000"
    },
    "done": true
  },
  "minecraft:recipes/misc/firework_rocket_simple": {
    "criteria": {
      "has_gunpowder": "2025-05-28 03:16:01 +0000"
    },
    "done": true
  },
  "createbigcannons:recipes/misc/log_cannon_chamber": {
    "criteria": {
      "has_gunpowder": "2025-05-28 03:16:01 +0000"
    },
    "done": true
  },
  "createbigcannons:recipes/misc/fixed_cannon_mount": {
    "criteria": {
      "has_gunpowder": "2025-05-28 03:16:01 +0000"
    },
    "done": true
  },
  "createbigcannons:recipes/misc/cannon_mount": {
    "criteria": {
      "has_gunpowder": "2025-05-28 03:16:01 +0000"
    },
    "done": true
  },
  "createbigcannons:recipes/misc/wrought_iron_drop_mortar_end_mirrored": {
    "criteria": {
      "has_gunpowder": "2025-05-28 03:16:01 +0000"
    },
    "done": true
  },
  "createbigcannons:recipes/misc/pair_of_cannon_wheels": {
    "criteria": {
      "has_gunpowder": "2025-05-28 03:16:01 +0000"
    },
    "done": true
  },
  "minecraft:recipes/redstone/tnt": {
    "criteria": {
      "has_gunpowder": "2025-05-28 03:16:01 +0000"
    },
    "done": true
  },
  "some_assembly_required:obtain_sandwich": {
    "criteria": {
      "obtain_sandwich": "2025-05-28 03:18:36 +0000"
    },
    "done": true
  },
  "farmersdelight:main/eat_nourishing_food": {
    "criteria": {
      "nourishment": "2025-05-28 03:18:39 +0000"
    },
    "done": true
  },
  "minecraft:recipes/building_blocks/red_concrete_powder": {
    "criteria": {
      "has_sand": "2025-05-28 03:28:50 +0000"
    },
    "done": true
  },
  "minecraft:recipes/building_blocks/green_concrete_powder": {
    "criteria": {
      "has_sand": "2025-05-28 03:28:50 +0000"
    },
    "done": true
  },
  "minecraft:recipes/building_blocks/blue_concrete_powder": {
    "criteria": {
      "has_sand": "2025-05-28 03:28:50 +0000"
    },
    "done": true
  },
  "createbigcannons:recipes/misc/casting_sand": {
    "criteria": {
      "has_sand": "2025-05-28 03:28:50 +0000"
    },
    "done": true
  },
  "minecraft:recipes/building_blocks/lime_concrete_powder": {
    "criteria": {
      "has_sand": "2025-05-28 03:28:50 +0000"
    },
    "done": true
  },
  "minecraft:recipes/building_blocks/orange_concrete_powder": {
    "criteria": {
      "has_sand": "2025-05-28 03:28:50 +0000"
    },
    "done": true
  },
  "minecraft:recipes/building_blocks/magenta_concrete_powder": {
    "criteria": {
      "has_sand": "2025-05-28 03:28:50 +0000"
    },
    "done": true
  },
  "minecraft:recipes/building_blocks/black_concrete_powder": {
    "criteria": {
      "has_sand": "2025-05-28 03:28:50 +0000"
    },
    "done": true
  },
  "minecraft:recipes/building_blocks/purple_concrete_powder": {
    "criteria": {
      "has_sand": "2025-05-28 03:28:50 +0000"
    },
    "done": true
  },
  "minecraft:recipes/building_blocks/cyan_concrete_powder": {
    "criteria": {
      "has_sand": "2025-05-28 03:28:50 +0000"
    },
    "done": true
  },
  "minecraft:recipes/building_blocks/light_gray_concrete_powder": {
    "criteria": {
      "has_sand": "2025-05-28 03:28:50 +0000"
    },
    "done": true
  },
  "minecraft:recipes/building_blocks/pink_concrete_powder": {
    "criteria": {
      "has_sand": "2025-05-28 03:28:50 +0000"
    },
    "done": true
  },
  "minecraft:recipes/building_blocks/brown_concrete_powder": {
    "criteria": {
      "has_sand": "2025-05-28 03:28:50 +0000"
    },
    "done": true
  },
  "minecraft:recipes/building_blocks/light_blue_concrete_powder": {
    "criteria": {
      "has_sand": "2025-05-28 03:28:50 +0000"
    },
    "done": true
  },
  "minecraft:recipes/building_blocks/glass": {
    "criteria": {
      "has_smelts_to_glass": "2025-05-28 03:28:50 +0000"
    },
    "done": true
  },
  "minecraft:recipes/building_blocks/white_concrete_powder": {
    "criteria": {
      "has_sand": "2025-05-28 03:28:50 +0000"
    },
    "done": true
  },
  "minecraft:recipes/building_blocks/yellow_concrete_powder": {
    "criteria": {
      "has_sand": "2025-05-28 03:28:50 +0000"
    },
    "done": true
  },
  "minecraft:recipes/building_blocks/sandstone": {
    "criteria": {
      "has_sand": "2025-05-28 03:28:50 +0000"
    },
    "done": true
  },
  "minecraft:recipes/building_blocks/gray_concrete_powder": {
    "criteria": {
      "has_sand": "2025-05-28 03:28:50 +0000"
    },
    "done": true
  },
  "minecraft:husbandry/balanced_diet": {
    "criteria": {
      "sweet_berries": "2025-06-02 02:18:31 +0000",
      "baked_potato": "2025-06-06 03:32:49 +0000",
      "apple": "2025-06-01 06:56:42 +0000",
      "cooked_cod": "2025-06-02 03:23:13 +0000",
      "bread": "2025-05-28 03:38:53 +0000",
      "golden_apple": "2025-05-28 03:29:36 +0000",
      "carrot": "2025-06-03 03:43:03 +0000"
    },
    "done": false
  },
  "minecraft:recipes/misc/dune_armor_trim_smithing_template_smithing_trim": {
    "criteria": {
      "has_smithing_trim_template": "2025-05-28 03:30:03 +0000"
    },
    "done": true
  },
  "minecraft:recipes/misc/dune_armor_trim_smithing_template": {
    "criteria": {
      "has_dune_armor_trim_smithing_template": "2025-05-28 03:30:03 +0000"
    },
    "done": true
  },
  "overweight_farming:recipes/apply_violent_fullmetal_directly_to_compost": {
    "criteria": {
      "has_rotten_flesh": "2025-05-28 03:30:06 +0000"
    },
    "done": true
  },
  "farmersdelight:recipes/cooking/dog_food": {
    "criteria": {
      "has_any_ingredient": "2025-05-28 03:30:06 +0000"
    },
    "done": true
  },
  "farmersdelight:recipes/building_blocks/organic_compost_from_rotten_flesh": {
    "criteria": {
      "has_rotten_flesh": "2025-05-28 03:30:06 +0000"
    },
    "done": true
  },
  "minecraft:recipes/redstone/target": {
    "criteria": {
      "has_hay_block": "2025-05-28 03:31:25 +0000"
    },
    "done": true
  },
  "createbigcannons:recipes/misc/smoke_shell": {
    "criteria": {
      "has_hay_block": "2025-05-28 03:31:25 +0000"
    },
    "done": true
  },
  "new_slab_variants:recipes/building_blocks/hay_block_slab": {
    "criteria": {
      "has_hay_block": "2025-05-28 03:31:25 +0000"
    },
    "done": true
  },
  "minecraft:recipes/misc/wheat": {
    "criteria": {
      "has_hay_block": "2025-05-28 03:31:25 +0000"
    },
    "done": true
  },
  "minecraft:recipes/misc/green_dye": {
    "criteria": {
      "has_cactus": "2025-05-28 03:31:26 +0000"
    },
    "done": true
  },
  "minecraft:adventure/root": {
    "criteria": {
      "killed_something": "2025-05-28 03:34:17 +0000"
    },
    "done": true
  },
  "netherexp:recipes/misc/skeleton_skull_candle": {
    "criteria": {
      "has_item": "2025-05-28 03:34:42 +0000"
    },
    "done": true
  },
  "netherexp:recipes/sanctum/skull_on_a_stick": {
    "criteria": {
      "item": "2025-05-28 03:34:42 +0000"
    },
    "done": true
  },
  "minecraft:recipes/food/bread": {
    "criteria": {
      "has_wheat": "2025-05-28 03:37:07 +0000"
    },
    "done": true
  },
  "minecraft:recipes/building_blocks/hay_block": {
    "criteria": {
      "has_wheat": "2025-05-28 03:37:07 +0000"
    },
    "done": true
  },
  "farmersdelight:recipes/food/pie_crust": {
    "criteria": {
      "has_wheat": "2025-05-28 03:37:07 +0000"
    },
    "done": true
  },
  "vinery:recipes/basket": {
    "criteria": {
      "has_wheat": "2025-05-28 03:37:07 +0000"
    },
    "done": true
  },
  "farmersdelight:recipes/food/wheat_dough_from_eggs": {
    "criteria": {
      "has_wheat": "2025-05-28 03:37:07 +0000"
    },
    "done": true
  },
  "some_assembly_required:recipes/food/crafting_shapeless/burger_bun": {
    "criteria": {
      "has_wheat": "2025-05-28 03:37:07 +0000"
    },
    "done": true
  },
  "farmersdelight:recipes/food/wheat_dough_from_water": {
    "criteria": {
      "has_wheat": "2025-05-28 03:37:07 +0000"
    },
    "done": true
  },
  "vinery:recipes/straw_hat": {
    "criteria": {
      "has_wheat": "2025-05-28 03:37:07 +0000"
    },
    "done": true
  },
  "brewery:recipes/rope": {
    "criteria": {
      "has_wheat": "2025-05-28 03:37:07 +0000"
    },
    "done": true
  },
  "brewery:recipes/pretzel": {
    "criteria": {
      "has_wheat": "2025-05-28 03:37:07 +0000"
    },
    "done": true
  },
  "brewery:recipes/gingerbread": {
    "criteria": {
      "has_wheat": "2025-05-28 03:37:07 +0000"
    },
    "done": true
  },
  "minecraft:adventure/sleep_in_bed": {
    "criteria": {
      "slept_in_bed": "2025-05-28 03:38:31 +0000"
    },
    "done": true
  },
  "minecraft:story/mine_stone": {
    "criteria": {
      "get_stone": "2025-05-28 03:40:44 +0000"
    },
    "done": true
  },
  "minecraft:recipes/decorations/furnace": {
    "criteria": {
      "has_cobblestone": "2025-05-28 03:40:44 +0000"
    },
    "done": true
  },
  "minecraft:recipes/building_blocks/cobblestone_slab_from_cobblestone_stonecutting": {
    "criteria": {
      "has_cobblestone": "2025-05-28 03:40:44 +0000"
    },
    "done": true
  },
  "minecraft:recipes/building_blocks/stone": {
    "criteria": {
      "has_cobblestone": "2025-05-28 03:40:44 +0000"
    },
    "done": true
  },
  "minecraft:recipes/tools/stone_pickaxe": {
    "criteria": {
      "has_cobblestone": "2025-05-28 03:40:44 +0000"
    },
    "done": true
  },
  "minecraft:recipes/building_blocks/cobblestone_slab": {
    "criteria": {
      "has_cobblestone": "2025-05-28 03:40:44 +0000"
    },
    "done": true
  },
  "minecraft:recipes/decorations/cobblestone_wall_from_cobblestone_stonecutting": {
    "criteria": {
      "has_cobblestone": "2025-05-28 03:40:44 +0000"
    },
    "done": true
  },
  "minecraft:recipes/building_blocks/cobblestone_stairs": {
    "criteria": {
      "has_cobblestone": "2025-05-28 03:40:44 +0000"
    },
    "done": true
  },
  "minecraft:recipes/tools/stone_shovel": {
    "criteria": {
      "has_cobblestone": "2025-05-28 03:40:44 +0000"
    },
    "done": true
  },
  "minecraft:recipes/redstone/lever": {
    "criteria": {
      "has_cobblestone": "2025-05-28 03:40:44 +0000"
    },
    "done": true
  },
  "minecraft:recipes/combat/stone_sword": {
    "criteria": {
      "has_cobblestone": "2025-05-28 03:40:44 +0000"
    },
    "done": true
  },
  "minecraft:recipes/decorations/cobblestone_wall": {
    "criteria": {
      "has_cobblestone": "2025-05-28 03:40:44 +0000"
    },
    "done": true
  },
  "minecraft:recipes/tools/stone_axe": {
    "criteria": {
      "has_cobblestone": "2025-05-28 03:40:44 +0000"
    },
    "done": true
  },
  "minecraft:recipes/building_blocks/cobblestone_stairs_from_cobblestone_stonecutting": {
    "criteria": {
      "has_cobblestone": "2025-05-28 03:40:44 +0000"
    },
    "done": true
  },
  "minecraft:recipes/tools/stone_hoe": {
    "criteria": {
      "has_cobblestone": "2025-05-28 03:40:44 +0000"
    },
    "done": true
  },
  "naturescompass:natures_compass": {
    "criteria": {
      "has_recipe": "2025-05-28 03:40:50 +0000"
    },
    "done": true
  },
  "new_slab_variants:recipes/building_blocks/oak_log_slab": {
    "criteria": {
      "has_oak_log": "2025-05-28 03:40:50 +0000"
    },
    "done": true
  },
  "minecraft:recipes/misc/charcoal": {
    "criteria": {
      "has_log": "2025-05-28 03:40:50 +0000"
    },
    "done": true
  },
  "naturescompass:natures_compass_log": {
    "criteria": {
      "has_log": "2025-05-28 03:40:50 +0000"
    },
    "done": true
  },
  "naturescompass:natures_compass_sapling": {
    "criteria": {
      "has_recipe": "2025-05-28 03:40:50 +0000"
    },
    "done": true
  },
  "minecraft:recipes/building_blocks/oak_planks": {
    "criteria": {
      "has_logs": "2025-05-28 03:40:50 +0000"
    },
    "done": true
  },
  "minecraft:recipes/building_blocks/oak_wood": {
    "criteria": {
      "has_log": "2025-05-28 03:40:50 +0000"
    },
    "done": true
  },
  "vinery:recipes/stackable_log": {
    "criteria": {
      "has_oak_log": "2025-05-28 03:40:50 +0000"
    },
    "done": true
  },
  "vinery:recipes/grapevine_stem": {
    "criteria": {
      "has_oak_log": "2025-05-28 03:40:50 +0000"
    },
    "done": true
  },
  "minecraft:recipes/decorations/oak_sign": {
    "criteria": {
      "has_planks": "2025-05-28 03:40:54 +0000"
    },
    "done": true
  },
  "minecraft:recipes/misc/stick": {
    "criteria": {
      "has_planks": "2025-05-28 03:40:54 +0000"
    },
    "done": true
  },
  "minecraft:recipes/building_blocks/oak_slab": {
    "criteria": {
      "has_planks": "2025-05-28 03:40:54 +0000"
    },
    "done": true
  },
  "minecraft:recipes/redstone/oak_fence_gate": {
    "criteria": {
      "has_planks": "2025-05-28 03:40:54 +0000"
    },
    "done": true
  },
  "minecraft:recipes/redstone/oak_door": {
    "criteria": {
      "has_planks": "2025-05-28 03:40:54 +0000"
    },
    "done": true
  },
  "minecraft:recipes/decorations/barrel": {
    "criteria": {
      "has_planks": "2025-05-28 03:40:54 +0000"
    },
    "done": true
  },
  "minecraft:recipes/redstone/oak_trapdoor": {
    "criteria": {
      "has_planks": "2025-05-28 03:40:54 +0000"
    },
    "done": true
  },
  "minecraft:recipes/building_blocks/oak_stairs": {
    "criteria": {
      "has_planks": "2025-05-28 03:40:54 +0000"
    },
    "done": true
  },
  "minecraft:recipes/decorations/oak_fence": {
    "criteria": {
      "has_planks": "2025-05-28 03:40:54 +0000"
    },
    "done": true
  },
  "minecraft:recipes/redstone/oak_button": {
    "criteria": {
      "has_planks": "2025-05-28 03:40:54 +0000"
    },
    "done": true
  },
  "minecraft:recipes/redstone/oak_pressure_plate": {
    "criteria": {
      "has_planks": "2025-05-28 03:40:54 +0000"
    },
    "done": true
  },
  "vinery:recipes/oak_wine_rack_big": {
    "criteria": {
      "has_oak_planks": "2025-05-28 03:40:54 +0000"
    },
    "done": true
  },
  "vinery:recipes/oak_wine_rack_small": {
    "criteria": {
      "has_oak_planks": "2025-05-28 03:40:54 +0000"
    },
    "done": true
  },
  "create:recipes/building_blocks/oak_window": {
    "criteria": {
      "has_ingredient": "2025-05-28 03:40:54 +0000"
    },
    "done": true
  },
  "minecraft:recipes/decorations/ladder": {
    "criteria": {
      "has_stick": "2025-05-28 03:41:00 +0000"
    },
    "done": true
  },
  "minecraft:recipes/tools/wooden_axe": {
    "criteria": {
      "has_stick": "2025-05-28 03:41:00 +0000"
    },
    "done": true
  },
  "minecraft:recipes/decorations/campfire": {
    "criteria": {
      "has_stick": "2025-05-28 03:41:00 +0000",
      "has_the_recipe": "2025-05-28 03:41:00 +0000"
    },
    "done": true
  },
  "minecraft:recipes/tools/wooden_hoe": {
    "criteria": {
      "has_stick": "2025-05-28 03:41:00 +0000"
    },
    "done": true
  },
  "vinery:recipes/campfire": {
    "criteria": {
      "has_stick": "2025-05-28 03:41:00 +0000"
    },
    "done": true
  },
  "minecraft:recipes/tools/wooden_shovel": {
    "criteria": {
      "has_stick": "2025-05-28 03:41:00 +0000"
    },
    "done": true
  },
  "minecraft:recipes/combat/wooden_sword": {
    "criteria": {
      "has_stick": "2025-05-28 03:41:00 +0000"
    },
    "done": true
  },
  "farmersdelight:recipes/combat/flint_knife": {
    "criteria": {
      "has_stick": "2025-05-28 03:41:00 +0000"
    },
    "done": true
  },
  "vinery:recipes/grapevine_lattice": {
    "criteria": {
      "has_stick": "2025-05-28 03:41:00 +0000"
    },
    "done": true
  },
  "vinery:recipes/dark_cherry_fence": {
    "criteria": {
      "has_stick": "2025-05-28 03:41:00 +0000"
    },
    "done": true
  },
  "vinery:recipes/dark_cherry_fence_gate": {
    "criteria": {
      "has_stick": "2025-05-28 03:41:00 +0000"
    },
    "done": true
  },
  "minecraft:recipes/tools/wooden_pickaxe": {
    "criteria": {
      "has_stick": "2025-05-28 03:41:00 +0000"
    },
    "done": true
  },
  "farmersdelight:recipes/decorations/cutting_board": {
    "criteria": {
      "has_stick": "2025-05-28 03:41:00 +0000"
    },
    "done": true
  },
  "minecraft:recipes/decorations/torch": {
    "criteria": {
      "has_stone_pickaxe": "2025-05-28 03:41:02 +0000"
    },
    "done": true
  },
  "minecraft:story/upgrade_tools": {
    "criteria": {
      "stone_pickaxe": "2025-05-28 03:41:02 +0000"
    },
    "done": true
  },
  "minecraft:adventure/kill_all_mobs": {
    "criteria": {
      "minecraft:pillager": "2025-06-01 06:47:18 +0000",
      "minecraft:skeleton": "2025-05-28 03:42:19 +0000",
      "minecraft:vindicator": "2025-06-01 07:16:22 +0000",
      "minecraft:spider": "2025-05-28 03:42:56 +0000",
      "minecraft:creeper": "2025-05-28 04:00:28 +0000",
      "minecraft:husk": "2025-05-28 04:16:10 +0000",
      "minecraft:enderman": "2025-06-01 05:41:08 +0000",
      "minecraft:zombie": "2025-05-28 03:45:55 +0000"
    },
    "done": false
  },
  "minecraft:adventure/kill_a_mob": {
    "criteria": {
      "minecraft:skeleton": "2025-05-28 03:42:19 +0000"
    },
    "done": true
  },
  "minecraft:recipes/misc/copper_ingot_from_blasting_raw_copper": {
    "criteria": {
      "has_raw_copper": "2025-05-28 03:42:38 +0000"
    },
    "done": true
  },
  "minecraft:recipes/building_blocks/raw_copper_block": {
    "criteria": {
      "has_raw_copper": "2025-05-28 03:42:38 +0000"
    },
    "done": true
  },
  "minecraft:recipes/misc/copper_ingot_from_smelting_raw_copper": {
    "criteria": {
      "has_raw_copper": "2025-05-28 03:42:38 +0000"
    },
    "done": true
  },
  "minecraft:recipes/building_blocks/coal_block": {
    "criteria": {
      "has_coal": "2025-05-28 03:43:19 +0000"
    },
    "done": true
  },
  "minecraft:recipes/decorations/smoker": {
    "criteria": {
      "has_furnace": "2025-05-28 03:43:57 +0000"
    },
    "done": true
  },
  "brewery:recipes/wooden_brewingstation": {
    "criteria": {
      "has_furnace": "2025-05-28 03:43:57 +0000"
    },
    "done": true
  },
  "minecraft:recipes/misc/iron_nugget_from_smelting": {
    "criteria": {
      "has_iron_pickaxe": "2025-05-28 03:45:01 +0000"
    },
    "done": true
  },
  "minecraft:story/iron_tools": {
    "criteria": {
      "iron_pickaxe": "2025-05-28 03:45:01 +0000"
    },
    "done": true
  },
  "minecraft:recipes/misc/iron_nugget_from_blasting": {
    "criteria": {
      "has_iron_pickaxe": "2025-05-28 03:45:01 +0000"
    },
    "done": true
  },
  "minecraft:recipes/brewing/fermented_spider_eye": {
    "criteria": {
      "has_spider_eye": "2025-05-28 03:46:03 +0000"
    },
    "done": true
  },
  "create:recipes/misc/smelting/zinc_ingot_from_raw_ore": {
    "criteria": {
      "has_item": "2025-05-28 03:48:35 +0000"
    },
    "done": true
  },
  "create:recipes/misc/blasting/zinc_ingot_from_raw_ore": {
    "criteria": {
      "has_item": "2025-05-28 03:48:35 +0000"
    },
    "done": true
  },
  "create:recipes/misc/crafting/materials/raw_zinc_block": {
    "criteria": {
      "has_item": "2025-05-28 03:48:35 +0000"
    },
    "done": true
  },
  "minecraft:recipes/building_blocks/raw_iron_block": {
    "criteria": {
      "has_raw_iron": "2025-05-28 03:51:09 +0000"
    },
    "done": true
  },
  "minecraft:recipes/misc/iron_ingot_from_blasting_raw_iron": {
    "criteria": {
      "has_raw_iron": "2025-05-28 03:51:09 +0000"
    },
    "done": true
  },
  "minecraft:recipes/misc/iron_ingot_from_smelting_raw_iron": {
    "criteria": {
      "has_raw_iron": "2025-05-28 03:51:09 +0000"
    },
    "done": true
  },
  "legendary_monsters:defeat_bomber": {
    "criteria": {
      "ambusher": "2025-05-28 03:53:52 +0000"
    },
    "done": true
  },
  "graveyard:graveyard/kill_graveyard_mob": {
    "criteria": {
      "skeleton_creeper": "2025-05-28 03:53:58 +0000"
    },
    "done": true
  },
  "minecraft:story/obtain_armor": {
    "criteria": {
      "iron_chestplate": "2025-05-28 03:54:39 +0000"
    },
    "done": true
  },
  "minecraft:recipes/building_blocks/lapis_block": {
    "criteria": {
      "has_lapis_lazuli": "2025-05-28 03:58:20 +0000"
    },
    "done": true
  },
  "minecraft:recipes/misc/blue_dye": {
    "criteria": {
      "has_lapis_lazuli": "2025-05-28 03:58:20 +0000"
    },
    "done": true
  },
  "minecraft:recipes/misc/gold_ingot_from_blasting_raw_gold": {
    "criteria": {
      "has_raw_gold": "2025-05-28 04:05:11 +0000"
    },
    "done": true
  },
  "minecraft:recipes/misc/gold_ingot_from_smelting_raw_gold": {
    "criteria": {
      "has_raw_gold": "2025-05-28 04:05:11 +0000"
    },
    "done": true
  },
  "minecraft:recipes/building_blocks/raw_gold_block": {
    "criteria": {
      "has_raw_gold": "2025-05-28 04:05:11 +0000"
    },
    "done": true
  },
  "minecraft:recipes/building_blocks/polished_deepslate": {
    "criteria": {
      "has_cobbled_deepslate": "2025-05-28 04:05:20 +0000"
    },
    "done": true
  },
  "minecraft:recipes/building_blocks/deepslate_tile_stairs_from_cobbled_deepslate_stonecutting": {
    "criteria": {
      "has_cobbled_deepslate": "2025-05-28 04:05:20 +0000"
    },
    "done": true
  },
  "minecraft:recipes/building_blocks/cobbled_deepslate_slab": {
    "criteria": {
      "has_cobbled_deepslate": "2025-05-28 04:05:20 +0000"
    },
    "done": true
  },
  "minecraft:recipes/building_blocks/polished_deepslate_stairs_from_cobbled_deepslate_stonecutting": {
    "criteria": {
      "has_cobbled_deepslate": "2025-05-28 04:05:20 +0000"
    },
    "done": true
  },
  "minecraft:recipes/decorations/deepslate_brick_wall_from_cobbled_deepslate_stonecutting": {
    "criteria": {
      "has_cobbled_deepslate": "2025-05-28 04:05:20 +0000"
    },
    "done": true
  },
  "minecraft:recipes/building_blocks/polished_deepslate_from_cobbled_deepslate_stonecutting": {
    "criteria": {
      "has_cobbled_deepslate": "2025-05-28 04:05:20 +0000"
    },
    "done": true
  },
  "minecraft:recipes/building_blocks/cobbled_deepslate_slab_from_cobbled_deepslate_stonecutting": {
    "criteria": {
      "has_cobbled_deepslate": "2025-05-28 04:05:20 +0000"
    },
    "done": true
  },
  "minecraft:recipes/building_blocks/deepslate_tile_slab_from_cobbled_deepslate_stonecutting": {
    "criteria": {
      "has_cobbled_deepslate": "2025-05-28 04:05:20 +0000"
    },
    "done": true
  },
  "minecraft:recipes/decorations/deepslate_tile_wall_from_cobbled_deepslate_stonecutting": {
    "criteria": {
      "has_cobbled_deepslate": "2025-05-28 04:05:20 +0000"
    },
    "done": true
  },
  "minecraft:recipes/building_blocks/deepslate_brick_stairs_from_cobbled_deepslate_stonecutting": {
    "criteria": {
      "has_cobbled_deepslate": "2025-05-28 04:05:20 +0000"
    },
    "done": true
  },
  "minecraft:recipes/building_blocks/chiseled_deepslate_from_cobbled_deepslate_stonecutting": {
    "criteria": {
      "has_cobbled_deepslate": "2025-05-28 04:05:20 +0000"
    },
    "done": true
  },
  "minecraft:recipes/decorations/cobbled_deepslate_wall_from_cobbled_deepslate_stonecutting": {
    "criteria": {
      "has_cobbled_deepslate": "2025-05-28 04:05:20 +0000"
    },
    "done": true
  },
  "minecraft:recipes/decorations/cobbled_deepslate_wall": {
    "criteria": {
      "has_cobbled_deepslate": "2025-05-28 04:05:20 +0000"
    },
    "done": true
  },
  "minecraft:recipes/decorations/polished_deepslate_wall_from_cobbled_deepslate_stonecutting": {
    "criteria": {
      "has_cobbled_deepslate": "2025-05-28 04:05:20 +0000"
    },
    "done": true
  },
  "minecraft:recipes/building_blocks/cobbled_deepslate_stairs_from_cobbled_deepslate_stonecutting": {
    "criteria": {
      "has_cobbled_deepslate": "2025-05-28 04:05:20 +0000"
    },
    "done": true
  },
  "minecraft:recipes/building_blocks/deepslate": {
    "criteria": {
      "has_cobbled_deepslate": "2025-05-28 04:05:20 +0000"
    },
    "done": true
  },
  "minecraft:recipes/building_blocks/polished_deepslate_slab_from_cobbled_deepslate_stonecutting": {
    "criteria": {
      "has_cobbled_deepslate": "2025-05-28 04:05:20 +0000"
    },
    "done": true
  },
  "minecraft:recipes/building_blocks/deepslate_brick_slab_from_cobbled_deepslate_stonecutting": {
    "criteria": {
      "has_cobbled_deepslate": "2025-05-28 04:05:20 +0000"
    },
    "done": true
  },
  "minecraft:recipes/building_blocks/cobbled_deepslate_stairs": {
    "criteria": {
      "has_cobbled_deepslate": "2025-05-28 04:05:20 +0000"
    },
    "done": true
  },
  "minecraft:recipes/building_blocks/deepslate_bricks_from_cobbled_deepslate_stonecutting": {
    "criteria": {
      "has_cobbled_deepslate": "2025-05-28 04:05:20 +0000"
    },
    "done": true
  },
  "minecraft:recipes/building_blocks/deepslate_tiles_from_cobbled_deepslate_stonecutting": {
    "criteria": {
      "has_cobbled_deepslate": "2025-05-28 04:05:20 +0000"
    },
    "done": true
  },
  "minecraft:recipes/tools/golden_axe": {
    "criteria": {
      "has_gold_ingot": "2025-05-28 04:06:23 +0000"
    },
    "done": true
  },
  "minecraft:recipes/tools/golden_pickaxe": {
    "criteria": {
      "has_gold_ingot": "2025-05-28 04:06:23 +0000"
    },
    "done": true
  },
  "minecraft:recipes/misc/gold_nugget": {
    "criteria": {
      "has_gold_ingot": "2025-05-28 04:06:23 +0000"
    },
    "done": true
  },
  "minecraft:recipes/tools/golden_shovel": {
    "criteria": {
      "has_gold_ingot": "2025-05-28 04:06:23 +0000"
    },
    "done": true
  },
  "minecraft:recipes/food/golden_apple": {
    "criteria": {
      "has_gold_ingot": "2025-05-28 04:06:23 +0000"
    },
    "done": true
  },
  "minecraft:recipes/combat/golden_boots": {
    "criteria": {
      "has_gold_ingot": "2025-05-28 04:06:23 +0000"
    },
    "done": true
  },
  "minecraft:recipes/combat/golden_chestplate": {
    "criteria": {
      "has_gold_ingot": "2025-05-28 04:06:23 +0000"
    },
    "done": true
  },
  "farmersdelight:recipes/combat/golden_knife": {
    "criteria": {
      "has_gold_ingot": "2025-05-28 04:06:23 +0000"
    },
    "done": true
  },
  "minecraft:recipes/redstone/light_weighted_pressure_plate": {
    "criteria": {
      "has_gold_ingot": "2025-05-28 04:06:23 +0000"
    },
    "done": true
  },
  "vinery:recipes/vinemaker_leggings": {
    "criteria": {
      "has_gold_ingot": "2025-05-28 04:06:23 +0000"
    },
    "done": true
  },
  "minecraft:recipes/combat/golden_sword": {
    "criteria": {
      "has_gold_ingot": "2025-05-28 04:06:23 +0000"
    },
    "done": true
  },
  "minecraft:recipes/building_blocks/gold_block": {
    "criteria": {
      "has_gold_ingot": "2025-05-28 04:06:23 +0000"
    },
    "done": true
  },
  "minecraft:recipes/combat/golden_helmet": {
    "criteria": {
      "has_gold_ingot": "2025-05-28 04:06:23 +0000"
    },
    "done": true
  },
  "netherdungeons:recipes/crafting/gold_chain": {
    "criteria": {
      "has_items": "2025-05-28 04:06:23 +0000"
    },
    "done": true
  },
  "minecraft:recipes/tools/golden_hoe": {
    "criteria": {
      "has_gold_ingot": "2025-05-28 04:06:23 +0000"
    },
    "done": true
  },
  "minecraft:recipes/combat/golden_leggings": {
    "criteria": {
      "has_gold_ingot": "2025-05-28 04:06:23 +0000"
    },
    "done": true
  },
  "create:recipes/misc/crafting/kinetics/steam_whistle": {
    "criteria": {
      "has_item": "2025-05-28 04:06:25 +0000"
    },
    "done": true
  },
  "create:recipes/misc/crafting/appliances/copper_backtank": {
    "criteria": {
      "has_item": "2025-05-28 04:06:25 +0000"
    },
    "done": true
  },
  "create:copper": {
    "criteria": {
      "0": "2025-05-28 04:06:25 +0000"
    },
    "done": true
  },
  "create:recipes/misc/crafting/kinetics/steam_engine": {
    "criteria": {
      "has_item": "2025-05-28 04:06:25 +0000"
    },
    "done": true
  },
  "minecraft:recipes/redstone/lightning_rod": {
    "criteria": {
      "has_copper_ingot": "2025-05-28 04:06:25 +0000"
    },
    "done": true
  },
  "create:recipes/building_blocks/copper_tiles_from_ingots_copper_stonecutting": {
    "criteria": {
      "has_ingots_copper": "2025-05-28 04:06:25 +0000"
    },
    "done": true
  },
  "create:recipes/misc/crafting/appliances/copper_diving_helmet": {
    "criteria": {
      "has_item": "2025-05-28 04:06:25 +0000"
    },
    "done": true
  },
  "create:recipes/misc/crafting/kinetics/fluid_pipe_vertical": {
    "criteria": {
      "has_item": "2025-05-28 04:06:25 +0000"
    },
    "done": true
  },
  "create:recipes/misc/crafting/kinetics/mechanical_pump": {
    "criteria": {
      "has_item": "2025-05-28 04:06:25 +0000"
    },
    "done": true
  },
  "minecraft:recipes/building_blocks/copper_block": {
    "criteria": {
      "has_copper_ingot": "2025-05-28 04:06:25 +0000"
    },
    "done": true
  },
  "minecraft:recipes/tools/brush": {
    "criteria": {
      "has_copper_ingot": "2025-05-28 04:06:25 +0000"
    },
    "done": true
  },
  "create:recipes/misc/crafting/appliances/copper_diving_boots": {
    "criteria": {
      "has_item": "2025-05-28 04:06:25 +0000"
    },
    "done": true
  },
  "create:recipes/misc/crafting/kinetics/copper_valve_handle": {
    "criteria": {
      "has_item": "2025-05-28 04:06:25 +0000"
    },
    "done": true
  },
  "create:recipes/misc/crafting/kinetics/smart_fluid_pipe": {
    "criteria": {
      "has_item": "2025-05-28 04:06:25 +0000"
    },
    "done": true
  },
  "create:recipes/misc/crafting/kinetics/copper_valve_handle_from_others": {
    "criteria": {
      "has_item": "2025-05-28 04:06:25 +0000"
    },
    "done": true
  },
  "create:recipes/decorations/copper_bars_from_ingots_copper_stonecutting": {
    "criteria": {
      "has_ingots_copper": "2025-05-28 04:06:25 +0000"
    },
    "done": true
  },
  "create:recipes/misc/crafting/materials/copper_nugget": {
    "criteria": {
      "has_item": "2025-05-28 04:06:25 +0000"
    },
    "done": true
  },
  "create:recipes/building_blocks/copper_shingles_from_ingots_copper_stonecutting": {
    "criteria": {
      "has_ingots_copper": "2025-05-28 04:06:25 +0000"
    },
    "done": true
  },
  "create:recipes/misc/crafting/kinetics/fluid_pipe": {
    "criteria": {
      "has_item": "2025-05-28 04:06:25 +0000"
    },
    "done": true
  },
  "create:recipes/misc/crafting/kinetics/fluid_valve": {
    "criteria": {
      "has_item": "2025-05-28 04:06:25 +0000"
    },
    "done": true
  },
  "create:recipes/decorations/copper_ladder_from_ingots_copper_stonecutting": {
    "criteria": {
      "has_ingots_copper": "2025-05-28 04:06:25 +0000"
    },
    "done": true
  },
  "create:recipes/decorations/copper_scaffolding_from_ingots_copper_stonecutting": {
    "criteria": {
      "has_ingots_copper": "2025-05-28 04:06:25 +0000"
    },
    "done": true
  },
  "farm_and_charm:recipes/copper_silo": {
    "criteria": {
      "has_copper_ingot": "2025-05-28 04:06:25 +0000"
    },
    "done": true
  },
  "create:recipes/misc/crafting/kinetics/hose_pulley": {
    "criteria": {
      "has_item": "2025-05-28 04:06:25 +0000"
    },
    "done": true
  },
  "new_slab_variants:recipes/building_blocks/copper_block_slab": {
    "criteria": {
      "has_copper_block": "2025-05-28 04:06:26 +0000"
    },
    "done": true
  },
  "minecraft:recipes/building_blocks/cut_copper_stairs_from_copper_block_stonecutting": {
    "criteria": {
      "has_copper_block": "2025-05-28 04:06:26 +0000"
    },
    "done": true
  },
  "minecraft:recipes/building_blocks/cut_copper": {
    "criteria": {
      "has_copper_block": "2025-05-28 04:06:26 +0000"
    },
    "done": true
  },
  "minecraft:recipes/building_blocks/waxed_copper_block_from_honeycomb": {
    "criteria": {
      "has_copper_block": "2025-05-28 04:06:26 +0000"
    },
    "done": true
  },
  "minecraft:recipes/building_blocks/cut_copper_from_copper_block_stonecutting": {
    "criteria": {
      "has_copper_block": "2025-05-28 04:06:26 +0000"
    },
    "done": true
  },
  "minecraft:recipes/misc/copper_ingot": {
    "criteria": {
      "has_copper_block": "2025-05-28 04:06:26 +0000"
    },
    "done": true
  },
  "minecraft:recipes/building_blocks/cut_copper_slab_from_copper_block_stonecutting": {
    "criteria": {
      "has_copper_block": "2025-05-28 04:06:26 +0000"
    },
    "done": true
  },
  "minecraft:recipes/building_blocks/smooth_sandstone_slab_from_smooth_sandstone_stonecutting": {
    "criteria": {
      "has_smooth_sandstone": "2025-05-28 04:09:41 +0000"
    },
    "done": true
  },
  "minecraft:recipes/building_blocks/smooth_sandstone_slab": {
    "criteria": {
      "has_smooth_sandstone": "2025-05-28 04:09:41 +0000"
    },
    "done": true
  },
  "minecraft:recipes/building_blocks/smooth_sandstone_stairs_from_smooth_sandstone_stonecutting": {
    "criteria": {
      "has_smooth_sandstone": "2025-05-28 04:09:41 +0000"
    },
    "done": true
  },
  "minecraft:recipes/building_blocks/smooth_sandstone_stairs": {
    "criteria": {
      "has_smooth_sandstone": "2025-05-28 04:09:41 +0000"
    },
    "done": true
  },
  "brewery:main/crop_collector": {
    "criteria": {
      "brewery:corn": "2025-05-28 04:10:48 +0000"
    },
    "done": false
  },
  "farmersdelight:recipes/cooking/mushroom_rice": {
    "criteria": {
      "has_any_ingredient": "2025-05-28 04:10:49 +0000"
    },
    "done": true
  },
  "farmersdelight:recipes/cooking/cooked_rice": {
    "criteria": {
      "has_rice": "2025-05-28 04:10:49 +0000"
    },
    "done": true
  },
  "farmersdelight:recipes/cooking/fried_rice": {
    "criteria": {
      "has_any_ingredient": "2025-05-28 04:10:49 +0000"
    },
    "done": true
  },
  "farmersdelight:recipes/building_blocks/rice_bag": {
    "criteria": {
      "has_rice": "2025-05-28 04:10:49 +0000"
    },
    "done": true
  },
  "minecraft:recipes/brewing/golden_carrot": {
    "criteria": {
      "has_gold_nugget": "2025-05-28 04:11:25 +0000"
    },
    "done": true
  },
  "minecraft:recipes/misc/gold_ingot_from_nuggets": {
    "criteria": {
      "has_gold_nugget": "2025-05-28 04:11:25 +0000"
    },
    "done": true
  },
  "minecraft:recipes/redstone/dispenser": {
    "criteria": {
      "has_bow": "2025-05-28 04:15:57 +0000"
    },
    "done": true
  },
  "minecraft:recipes/building_blocks/emerald_block": {
    "criteria": {
      "has_emerald": "2025-05-28 04:18:10 +0000"
    },
    "done": true
  },
  "ecologics:recipes/ecologics/cooked_prickly_pear_from_campfire_cooking": {
    "criteria": {
      "cooked_prickly_pear": "2025-05-29 03:50:31 +0000"
    },
    "done": true
  },
  "ecologics:recipes/ecologics/cooked_prickly_pear": {
    "criteria": {
      "cooked_prickly_pear": "2025-05-29 03:50:31 +0000"
    },
    "done": true
  },
  "ecologics:recipes/ecologics/cooked_prickly_pear_from_smoking": {
    "criteria": {
      "cooked_prickly_pear": "2025-05-29 03:50:31 +0000"
    },
    "done": true
  },
  "create:recipes/misc/crafting/appliances/crafting_blueprint": {
    "criteria": {
      "has_item": "2025-05-29 03:52:59 +0000"
    },
    "done": true
  },
  "aquamirae:adventure/root": {
    "criteria": {
      "crafting_table": "2025-05-29 03:52:59 +0000"
    },
    "done": true
  },
  "minecraft:story/root": {
    "criteria": {
      "crafting_table": "2025-05-29 03:52:59 +0000"
    },
    "done": true
  },
  "minecraft:recipes/misc/mojang_banner_pattern": {
    "criteria": {
      "has_enchanted_golden_apple": "2025-05-29 04:04:50 +0000"
    },
    "done": true
  },
  "minecraft:recipes/building_blocks/cut_sandstone_slab_from_cut_sandstone_stonecutting": {
    "criteria": {
      "has_cut_sandstone": "2025-05-29 04:07:08 +0000"
    },
    "done": true
  },
  "minecraft:recipes/building_blocks/sandstone_stairs": {
    "criteria": {
      "has_cut_sandstone": "2025-05-29 04:07:08 +0000"
    },
    "done": true
  },
  "minecraft:recipes/building_blocks/cut_sandstone_slab": {
    "criteria": {
      "has_cut_sandstone": "2025-05-29 04:07:08 +0000"
    },
    "done": true
  },
  "minecraft:recipes/misc/paper": {
    "criteria": {
      "has_reeds": "2025-06-01 05:44:06 +0000"
    },
    "done": true
  },
  "minecraft:recipes/misc/sugar_from_sugar_cane": {
    "criteria": {
      "has_sugar_cane": "2025-06-01 05:44:06 +0000"
    },
    "done": true
  },
  "minecraft:recipes/combat/diamond_sword": {
    "criteria": {
      "has_diamond": "2025-06-01 05:44:47 +0000"
    },
    "done": true
  },
  "minecraft:recipes/decorations/jukebox": {
    "criteria": {
      "has_diamond": "2025-06-01 05:44:47 +0000"
    },
    "done": true
  },
  "minecraft:recipes/combat/diamond_chestplate": {
    "criteria": {
      "has_diamond": "2025-06-01 05:44:47 +0000"
    },
    "done": true
  },
  "minecraft:recipes/tools/diamond_pickaxe": {
    "criteria": {
      "has_diamond": "2025-06-01 05:44:47 +0000"
    },
    "done": true
  },
  "minecraft:recipes/tools/diamond_hoe": {
    "criteria": {
      "has_diamond": "2025-06-01 05:44:47 +0000"
    },
    "done": true
  },
  "minecraft:recipes/tools/diamond_shovel": {
    "criteria": {
      "has_diamond": "2025-06-01 05:44:47 +0000"
    },
    "done": true
  },
  "minecraft:recipes/combat/diamond_helmet": {
    "criteria": {
      "has_diamond": "2025-06-01 05:44:47 +0000"
    },
    "done": true
  },
  "minecraft:recipes/building_blocks/diamond_block": {
    "criteria": {
      "has_diamond": "2025-06-01 05:44:47 +0000"
    },
    "done": true
  },
  "minecraft:story/mine_diamond": {
    "criteria": {
      "diamond": "2025-06-01 05:44:47 +0000"
    },
    "done": true
  },
  "farmersdelight:recipes/combat/diamond_knife": {
    "criteria": {
      "has_diamond": "2025-06-01 05:44:47 +0000"
    },
    "done": true
  },
  "minecraft:recipes/combat/diamond_leggings": {
    "criteria": {
      "has_diamond": "2025-06-01 05:44:47 +0000"
    },
    "done": true
  },
  "minecraft:recipes/misc/book": {
    "criteria": {
      "has_paper": "2025-06-01 05:44:47 +0000"
    },
    "done": true
  },
  "create:recipes/misc/crafting/schematics/schematic_and_quill": {
    "criteria": {
      "has_item": "2025-06-01 05:44:47 +0000"
    },
    "done": true
  },
  "create:recipes/misc/crafting/schematics/empty_schematic": {
    "criteria": {
      "has_item": "2025-06-01 05:44:47 +0000"
    },
    "done": true
  },
  "create:recipes/misc/crafting/materials/sand_paper": {
    "criteria": {
      "has_item": "2025-06-01 05:44:47 +0000"
    },
    "done": true
  },
  "minecraft:recipes/combat/diamond_boots": {
    "criteria": {
      "has_diamond": "2025-06-01 05:44:47 +0000"
    },
    "done": true
  },
  "create:recipes/misc/crafting/materials/red_sand_paper": {
    "criteria": {
      "has_item": "2025-06-01 05:44:47 +0000"
    },
    "done": true
  },
  "minecraft:recipes/decorations/cartography_table": {
    "criteria": {
      "has_paper": "2025-06-01 05:44:47 +0000"
    },
    "done": true
  },
  "minecraft:recipes/tools/diamond_axe": {
    "criteria": {
      "has_diamond": "2025-06-01 05:44:47 +0000"
    },
    "done": true
  },
  "artifacts:amateur_archaeologist": {
    "criteria": {
      "find_artifact": "2025-06-01 05:45:03 +0000"
    },
    "done": true
  },
  "alexsmobs:alexsmobs/guster": {
    "criteria": {
      "killed_by": "2025-06-01 05:46:17 +0000"
    },
    "done": true
  },
  "realmrpg_quests:refuse_quest": {
    "criteria": {
      "refuse_quest_0": "2025-06-01 05:50:35 +0000"
    },
    "done": true
  },
  "vinery:recipes/fermentation_barrel": {
    "criteria": {
      "has_barrel": "2025-06-01 05:50:58 +0000"
    },
    "done": true
  },
  "minecraft:recipes/food/dried_kelp_from_smoking": {
    "criteria": {
      "has_kelp": "2025-06-01 05:50:58 +0000"
    },
    "done": true
  },
  "create_connected:recipes/crafting/kinetics/fluid_vessel": {
    "criteria": {
      "has_item": "2025-06-01 05:50:58 +0000"
    },
    "done": true
  },
  "minecraft:recipes/food/dried_kelp_from_smelting": {
    "criteria": {
      "has_kelp": "2025-06-01 05:50:58 +0000"
    },
    "done": true
  },
  "minecraft:recipes/food/dried_kelp_from_campfire_cooking": {
    "criteria": {
      "has_kelp": "2025-06-01 05:50:58 +0000"
    },
    "done": true
  },
  "brewery:recipes/barrel_main": {
    "criteria": {
      "has_barrel": "2025-06-01 05:50:58 +0000"
    },
    "done": true
  },
  "create:recipes/misc/crafting/kinetics/fluid_tank": {
    "criteria": {
      "has_item": "2025-06-01 05:50:58 +0000"
    },
    "done": true
  },
  "create_connected:recipes/crafting/kinetics/item_silo": {
    "criteria": {
      "has_item": "2025-06-01 05:50:58 +0000"
    },
    "done": true
  },
  "create:recipes/misc/crafting/kinetics/item_vault": {
    "criteria": {
      "has_item": "2025-06-01 05:50:58 +0000"
    },
    "done": true
  },
  "netherexp:recipes/smooth_netherrack/smooth_netherrack": {
    "criteria": {
      "has_item": "2025-06-01 05:57:54 +0000"
    },
    "done": true
  },
  "netherdungeons:recipes/crafting/polished_netherrack": {
    "criteria": {
      "has_items": "2025-06-01 05:57:54 +0000"
    },
    "done": true
  },
  "new_slab_variants:recipes/building_blocks/netherrack_slab": {
    "criteria": {
      "has_netherrack": "2025-06-01 05:57:54 +0000"
    },
    "done": true
  },
  "minecraft:recipes/misc/nether_brick": {
    "criteria": {
      "has_netherrack": "2025-06-01 05:57:54 +0000"
    },
    "done": true
  },
  "overweight_farming:recipes/overweight_golden_apple_block": {
    "criteria": {
      "has_gold_block": "2025-06-01 05:58:15 +0000"
    },
    "done": true
  },
  "minecraft:recipes/misc/gold_ingot_from_gold_block": {
    "criteria": {
      "has_gold_block": "2025-06-01 05:58:15 +0000"
    },
    "done": true
  },
  "new_slab_variants:recipes/building_blocks/gold_block_slab": {
    "criteria": {
      "has_gold_block": "2025-06-01 05:58:15 +0000"
    },
    "done": true
  },
  "minecraft:recipes/building_blocks/stone_brick_stairs": {
    "criteria": {
      "has_stone_bricks": "2025-06-01 05:59:20 +0000"
    },
    "done": true
  },
  "new_slab_variants:recipes/building_blocks/chiseled_stone_bricks_slab": {
    "criteria": {
      "has_chiseled_stone_bricks": "2025-06-01 05:59:20 +0000"
    },
    "done": true
  },
  "minecraft:recipes/building_blocks/stone_brick_slab": {
    "criteria": {
      "has_stone_bricks": "2025-06-01 05:59:20 +0000"
    },
    "done": true
  },
  "minecraft:recipes/building_blocks/chiseled_stone_bricks": {
    "criteria": {
      "has_tag": "2025-06-01 05:59:20 +0000"
    },
    "done": true
  },
  "farm_and_charm:recipes/window_sill": {
    "criteria": {
      "has_flower_pot": "2025-06-01 06:09:38 +0000"
    },
    "done": true
  },
  "ecologics:recipes/ecologics/azalea_chest_boat": {
    "criteria": {
      "has_boat": "2025-06-01 06:17:41 +0000"
    },
    "done": true
  },
  "minecraft:recipes/transportation/spruce_chest_boat": {
    "criteria": {
      "has_boat": "2025-06-01 06:17:41 +0000"
    },
    "done": true
  },
  "minecraft:recipes/transportation/jungle_chest_boat": {
    "criteria": {
      "has_boat": "2025-06-01 06:17:41 +0000"
    },
    "done": true
  },
  "minecraft:recipes/transportation/mangrove_chest_boat": {
    "criteria": {
      "has_boat": "2025-06-01 06:17:41 +0000"
    },
    "done": true
  },
  "minecraft:recipes/transportation/oak_chest_boat": {
    "criteria": {
      "has_boat": "2025-06-01 06:17:41 +0000"
    },
    "done": true
  },
  "ecologics:recipes/ecologics/flowering_azalea_chest_boat": {
    "criteria": {
      "has_boat": "2025-06-01 06:17:41 +0000"
    },
    "done": true
  },
  "deeperdarker:recipes/transportation/bloom_chest_boat": {
    "criteria": {
      "has_boat": "2025-06-01 06:17:41 +0000"
    },
    "done": true
  },
  "ecologics:recipes/ecologics/walnut_chest_boat": {
    "criteria": {
      "has_boat": "2025-06-01 06:17:41 +0000"
    },
    "done": true
  },
  "deeperdarker:recipes/transportation/echo_chest_boat": {
    "criteria": {
      "has_boat": "2025-06-01 06:17:41 +0000"
    },
    "done": true
  },
  "minecraft:recipes/transportation/bamboo_chest_raft": {
    "criteria": {
      "has_boat": "2025-06-01 06:17:41 +0000"
    },
    "done": true
  },
  "endergetic:recipes/transportation/poise_chest_boat": {
    "criteria": {
      "has_boat": "2025-06-01 06:17:41 +0000"
    },
    "done": true
  },
  "minecraft:recipes/transportation/acacia_chest_boat": {
    "criteria": {
      "has_boat": "2025-06-01 06:17:41 +0000"
    },
    "done": true
  },
  "ecologics:recipes/ecologics/coconut_chest_boat": {
    "criteria": {
      "has_boat": "2025-06-01 06:17:41 +0000"
    },
    "done": true
  },
  "minecraft:recipes/transportation/cherry_chest_boat": {
    "criteria": {
      "has_boat": "2025-06-01 06:17:41 +0000"
    },
    "done": true
  },
  "minecraft:recipes/transportation/birch_chest_boat": {
    "criteria": {
      "has_boat": "2025-06-01 06:17:41 +0000"
    },
    "done": true
  },
  "minecraft:recipes/transportation/dark_oak_chest_boat": {
    "criteria": {
      "has_boat": "2025-06-01 06:17:41 +0000"
    },
    "done": true
  },
  "vinery:main/fruits_of_the_field": {
    "criteria": {
      "fruits_of_the_field": "2025-06-01 06:17:51 +0000"
    },
    "done": true
  },
  "vinery:main/cherry_picker": {
    "criteria": {
      "cherry": "2025-06-01 06:18:05 +0000"
    },
    "done": true
  },
  "minecraft:recipes/misc/conduit": {
    "criteria": {
      "has_nautilus_core": "2025-06-01 06:18:56 +0000"
    },
    "done": true
  },
  "ecologics:recipes/ecologics/coconut_wood": {
    "criteria": {
      "has_log": "2025-06-01 06:19:45 +0000"
    },
    "done": true
  },
  "ecologics:recipes/ecologics/coconut_planks": {
    "criteria": {
      "has_logs": "2025-06-01 06:19:45 +0000"
    },
    "done": true
  },
  "vinery:recipes/dark_cherry_wood": {
    "criteria": {
      "has_cherry_wood": "2025-06-01 06:20:00 +0000"
    },
    "done": true
  },
  "farm_and_charm:recipes/corn_bag": {
    "criteria": {
      "has_corn": "2025-06-01 06:23:51 +0000"
    },
    "done": true
  },
  "minecraft:recipes/combat/leather_helmet": {
    "criteria": {
      "has_leather": "2025-06-01 06:24:34 +0000"
    },
    "done": true
  },
  "minecraft:recipes/combat/leather_chestplate": {
    "criteria": {
      "has_leather": "2025-06-01 06:24:34 +0000"
    },
    "done": true
  },
  "minecraft:recipes/misc/leather_horse_armor": {
    "criteria": {
      "has_leather": "2025-06-01 06:24:34 +0000"
    },
    "done": true
  },
  "sophisticatedbackpacks:recipes/misc/backpack": {
    "criteria": {
      "has_leather": "2025-06-01 06:24:34 +0000"
    },
    "done": true
  },
  "minecraft:recipes/decorations/item_frame": {
    "criteria": {
      "has_leather": "2025-06-01 06:24:34 +0000"
    },
    "done": true
  },
  "minecraft:recipes/combat/leather_boots": {
    "criteria": {
      "has_leather": "2025-06-01 06:24:34 +0000"
    },
    "done": true
  },
  "minecraft:recipes/combat/leather_leggings": {
    "criteria": {
      "has_leather": "2025-06-01 06:24:34 +0000"
    },
    "done": true
  },
  "sophisticatedbackpacks:recipes/misc/upgrade_base": {
    "criteria": {
      "has_leather": "2025-06-01 06:24:34 +0000"
    },
    "done": true
  },
  "minecraft:recipes/food/cooked_beef_from_smoking": {
    "criteria": {
      "has_beef": "2025-06-01 06:24:35 +0000"
    },
    "done": true
  },
  "farmersdelight:recipes/cooking/pasta_with_meatballs": {
    "criteria": {
      "has_any_ingredient": "2025-06-01 06:24:35 +0000"
    },
    "done": true
  },
  "minecraft:recipes/food/cooked_beef": {
    "criteria": {
      "has_beef": "2025-06-01 06:24:35 +0000"
    },
    "done": true
  },
  "farmersdelight:recipes/cooking/beef_stew": {
    "criteria": {
      "has_any_ingredient": "2025-06-01 06:24:35 +0000"
    },
    "done": true
  },
  "minecraft:recipes/food/cooked_beef_from_campfire_cooking": {
    "criteria": {
      "has_beef": "2025-06-01 06:24:35 +0000"
    },
    "done": true
  },
  "sophisticatedbackpacks:recipes/misc/copper_backpack": {
    "criteria": {
      "has_backpack": "2025-06-01 06:26:37 +0000"
    },
    "done": true
  },
  "sophisticatedbackpacks:recipes/misc/iron_backpack": {
    "criteria": {
      "has_backpack": "2025-06-01 06:26:37 +0000"
    },
    "done": true
  },
  "sophisticatedbackpacks:recipes/misc/gold_backpack": {
    "criteria": {
      "has_iron_backpack": "2025-06-01 06:26:50 +0000"
    },
    "done": true
  },
  "sophisticatedbackpacks:recipes/misc/diamond_backpack": {
    "criteria": {
      "has_gold_backpack": "2025-06-01 06:26:54 +0000"
    },
    "done": true
  },
  "farm_and_charm:recipes/barley_ball": {
    "criteria": {
      "has_barley": "2025-06-01 06:27:17 +0000"
    },
    "done": true
  },
  "farmersdelight:recipes/cooking/rabbit_stew": {
    "criteria": {
      "has_any_ingredient": "2025-06-01 06:27:31 +0000"
    },
    "done": true
  },
  "farm_and_charm:recipes/carrot_bag": {
    "criteria": {
      "has_carrot": "2025-06-01 06:27:31 +0000"
    },
    "done": true
  },
  "farmersdelight:recipes/cooking/chicken_soup": {
    "criteria": {
      "has_any_ingredient": "2025-06-01 06:27:31 +0000"
    },
    "done": true
  },
  "farmersdelight:recipes/cooking/vegetable_noodles": {
    "criteria": {
      "has_any_ingredient": "2025-06-01 06:27:31 +0000"
    },
    "done": true
  },
  "minecraft:recipes/transportation/carrot_on_a_stick": {
    "criteria": {
      "has_carrot": "2025-06-01 06:27:31 +0000"
    },
    "done": true
  },
  "farmersdelight:recipes/cooking/vegetable_soup": {
    "criteria": {
      "has_any_ingredient": "2025-06-01 06:27:31 +0000"
    },
    "done": true
  },
  "minecraft:recipes/food/beetroot_soup": {
    "criteria": {
      "has_beetroot": "2025-06-01 06:27:33 +0000"
    },
    "done": true
  },
  "farm_and_charm:recipes/beetroot_bag": {
    "criteria": {
      "has_beetroots": "2025-06-01 06:27:33 +0000"
    },
    "done": true
  },
  "minecraft:recipes/misc/red_dye_from_beetroot": {
    "criteria": {
      "has_beetroot": "2025-06-01 06:27:33 +0000"
    },
    "done": true
  },
  "farmersdelight:recipes/cooking/beetroot_soup": {
    "criteria": {
      "has_beetroot": "2025-06-01 06:27:33 +0000"
    },
    "done": true
  },
  "ecologics:recipes/food/beetroot_soup_from_coconut_husk": {
    "criteria": {
      "has_beetroot": "2025-06-01 06:27:33 +0000"
    },
    "done": true
  },
  "vinery:main/wild_harvest": {
    "criteria": {
      "red_grape_seeds": "2025-06-01 06:27:52 +0000"
    },
    "done": true
  },
  "farmersdelight:recipes/cooking/dumplings": {
    "criteria": {
      "has_any_ingredient": "2025-06-01 06:28:08 +0000"
    },
    "done": true
  },
  "farmersdelight:recipes/cooking/fish_stew": {
    "criteria": {
      "has_any_ingredient": "2025-06-01 06:28:08 +0000"
    },
    "done": true
  },
  "minecraft:recipes/misc/magenta_dye_from_allium": {
    "criteria": {
      "has_allium": "2025-06-01 06:28:08 +0000"
    },
    "done": true
  },
  "farmersdelight:recipes/building_blocks/onion_crate": {
    "criteria": {
      "has_onion": "2025-06-01 06:28:08 +0000"
    },
    "done": true
  },
  "farm_and_charm:recipes/strawberry_bag": {
    "criteria": {
      "has_strawberry": "2025-06-01 06:28:17 +0000"
    },
    "done": true
  },
  "farm_and_charm:recipes/lettuce_bag": {
    "criteria": {
      "has_lettuce": "2025-06-01 06:28:43 +0000"
    },
    "done": true
  },
  "ecologics:recipes/ecologics/walnut_planks": {
    "criteria": {
      "has_logs": "2025-06-01 06:29:36 +0000"
    },
    "done": true
  },
  "ecologics:recipes/ecologics/walnut_wood": {
    "criteria": {
      "has_log": "2025-06-01 06:29:36 +0000"
    },
    "done": true
  },
  "farmersdelight:recipes/food/fried_egg_from_campfire_cooking": {
    "criteria": {
      "fried_egg": "2025-06-01 06:29:55 +0000"
    },
    "done": true
  },
  "farmersdelight:recipes/food/fried_egg_from_smoking": {
    "criteria": {
      "fried_egg": "2025-06-01 06:29:55 +0000"
    },
    "done": true
  },
  "minecraft:recipes/food/cake": {
    "criteria": {
      "has_egg": "2025-06-01 06:29:55 +0000"
    },
    "done": true
  },
  "farmersdelight:recipes/food/fried_egg": {
    "criteria": {
      "fried_egg": "2025-06-01 06:29:55 +0000"
    },
    "done": true
  },
  "ecologics:recipes/ecologics/sandcastle": {
    "criteria": {
      "has_seashell": "2025-06-01 06:30:13 +0000"
    },
    "done": true
  },
  "ecologics:recipes/ecologics/seashell_block": {
    "criteria": {
      "has_seashell": "2025-06-01 06:30:13 +0000"
    },
    "done": true
  },
  "ecologics:recipes/ecologics/seashell_tiles": {
    "criteria": {
      "has_seashell": "2025-06-01 06:30:13 +0000"
    },
    "done": true
  },
  "alexsmobs:alexsmobs/seagull_steal": {
    "criteria": {
      "ex": "2025-06-01 06:31:02 +0000"
    },
    "done": true
  },
  "minecraft:recipes/misc/coast_armor_trim_smithing_template": {
    "criteria": {
      "has_coast_armor_trim_smithing_template": "2025-06-01 06:34:14 +0000"
    },
    "done": true
  },
  "minecraft:recipes/misc/coast_armor_trim_smithing_template_smithing_trim": {
    "criteria": {
      "has_smithing_trim_template": "2025-06-01 06:34:14 +0000"
    },
    "done": true
  },
  "minecraft:recipes/misc/black_dye": {
    "criteria": {
      "has_ink_sac": "2025-06-01 06:35:40 +0000"
    },
    "done": true
  },
  "vinery:main/forbidden_fruit": {
    "criteria": {
      "apple": "2025-06-01 06:37:02 +0000"
    },
    "done": true
  },
  "farmersdelight:recipes/cooking/apple_cider": {
    "criteria": {
      "has_apple": "2025-06-01 06:37:02 +0000"
    },
    "done": true
  },
  "farmersdelight:recipes/decorations/safety_net": {
    "criteria": {
      "has_rope": "2025-06-01 06:37:12 +0000"
    },
    "done": true
  },
  "alexsmobs:alexsmobs/orcas_might": {
    "criteria": {
      "all_effects": "2025-06-01 06:39:42 +0000"
    },
    "done": true
  },
  "aquamirae:adventure/find_ice_maze": {
    "criteria": {
      "deep_frozen_ocean": "2025-06-01 06:44:46 +0000"
    },
    "done": true
  },
  "aquamirae:adventure/obtain_fin": {
    "criteria": {
      "fin": "2025-06-01 06:44:59 +0000"
    },
    "done": true
  },
  "aquamirae:recipes/fin": {
    "criteria": {
      "has_item": "2025-06-01 06:44:59 +0000"
    },
    "done": true
  },
  "aquamirae:recipes/sharp_bones": {
    "criteria": {
      "has_item": "2025-06-01 06:45:19 +0000"
    },
    "done": true
  },
  "aquamirae:recipes/pirate_pouch": {
    "criteria": {
      "has_item": "2025-06-01 06:48:06 +0000"
    },
    "done": true
  },
  "minecraft:recipes/misc/stick_from_bamboo_item": {
    "criteria": {
      "has_bamboo": "2025-06-01 06:48:15 +0000"
    },
    "done": true
  },
  "minecraft:recipes/building_blocks/bamboo_block": {
    "criteria": {
      "has_bamboo": "2025-06-01 06:48:15 +0000"
    },
    "done": true
  },
  "minecraft:recipes/decorations/scaffolding": {
    "criteria": {
      "has_bamboo": "2025-06-01 06:48:15 +0000"
    },
    "done": true
  },
  "new_slab_variants:recipes/building_blocks/oak_wood_slab": {
    "criteria": {
      "has_oak_wood": "2025-06-01 07:01:19 +0000"
    },
    "done": true
  },
  "aquamirae:recipes/esca": {
    "criteria": {
      "has_item": "2025-06-01 07:19:24 +0000"
    },
    "done": true
  },
  "aquamirae:adventure/obtain_esca": {
    "criteria": {
      "esca": "2025-06-01 07:19:24 +0000"
    },
    "done": true
  },
  "brewery:main/wild_crops": {
    "criteria": {
      "hops_seeds": "2025-06-01 07:20:24 +0000"
    },
    "done": false
  },
  "farm_and_charm:recipes/potato_bag": {
    "criteria": {
      "has_potato": "2025-06-01 07:22:19 +0000"
    },
    "done": true
  },
  "minecraft:recipes/food/baked_potato_from_campfire_cooking": {
    "criteria": {
      "has_potato": "2025-06-01 07:22:19 +0000"
    },
    "done": true
  },
  "minecraft:recipes/food/baked_potato": {
    "criteria": {
      "has_potato": "2025-06-01 07:22:19 +0000"
    },
    "done": true
  },
  "minecraft:recipes/food/baked_potato_from_smoking": {
    "criteria": {
      "has_potato": "2025-06-01 07:22:19 +0000"
    },
    "done": true
  },
  "minecraft:recipes/decorations/glow_item_frame": {
    "criteria": {
      "has_item_frame": "2025-06-01 07:23:19 +0000"
    },
    "done": true
  },
  "minecraft:recipes/redstone/lectern": {
    "criteria": {
      "has_book": "2025-06-01 07:25:44 +0000"
    },
    "done": true
  },
  "minecraft:recipes/misc/writable_book": {
    "criteria": {
      "has_book": "2025-06-01 07:25:44 +0000"
    },
    "done": true
  },
  "minecraft:recipes/building_blocks/bookshelf": {
    "criteria": {
      "has_book": "2025-06-01 07:25:44 +0000"
    },
    "done": true
  },
  "minecraft:recipes/building_blocks/chiseled_bookshelf": {
    "criteria": {
      "has_book": "2025-06-01 07:25:44 +0000"
    },
    "done": true
  },
  "legendary_monsters:locate_ancient_stronghold": {
    "criteria": {
      "ancient_stronghold": "2025-06-02 01:59:14 +0000"
    },
    "done": true
  },
  "legendary_monsters:defeat_spiky_bug": {
    "criteria": {
      "spiky_bug": "2025-06-02 01:59:44 +0000"
    },
    "done": true
  },
  "create:recipes/building_blocks/dark_oak_window": {
    "criteria": {
      "has_ingredient": "2025-06-02 02:00:56 +0000"
    },
    "done": true
  },
  "minecraft:recipes/building_blocks/dark_oak_stairs": {
    "criteria": {
      "has_planks": "2025-06-02 02:00:56 +0000"
    },
    "done": true
  },
  "minecraft:recipes/redstone/dark_oak_door": {
    "criteria": {
      "has_planks": "2025-06-02 02:00:56 +0000"
    },
    "done": true
  },
  "minecraft:recipes/decorations/dark_oak_sign": {
    "criteria": {
      "has_planks": "2025-06-02 02:00:56 +0000"
    },
    "done": true
  },
  "vinery:recipes/dark_oak_wine_rack_big": {
    "criteria": {
      "has_dark_oak_planks": "2025-06-02 02:00:56 +0000"
    },
    "done": true
  },
  "minecraft:recipes/redstone/dark_oak_fence_gate": {
    "criteria": {
      "has_planks": "2025-06-02 02:00:56 +0000"
    },
    "done": true
  },
  "minecraft:recipes/redstone/dark_oak_trapdoor": {
    "criteria": {
      "has_planks": "2025-06-02 02:00:56 +0000"
    },
    "done": true
  },
  "vinery:recipes/dark_oak_wine_rack_small": {
    "criteria": {
      "has_dark_oak_planks": "2025-06-02 02:00:56 +0000"
    },
    "done": true
  },
  "minecraft:recipes/redstone/dark_oak_button": {
    "criteria": {
      "has_planks": "2025-06-02 02:00:56 +0000"
    },
    "done": true
  },
  "minecraft:recipes/redstone/dark_oak_pressure_plate": {
    "criteria": {
      "has_planks": "2025-06-02 02:00:56 +0000"
    },
    "done": true
  },
  "minecraft:recipes/decorations/dark_oak_fence": {
    "criteria": {
      "has_planks": "2025-06-02 02:00:56 +0000"
    },
    "done": true
  },
  "minecraft:recipes/building_blocks/dark_oak_slab": {
    "criteria": {
      "has_planks": "2025-06-02 02:00:56 +0000"
    },
    "done": true
  },
  "legendary_monsters:defeat_ambusher": {
    "criteria": {
      "ambusher": "2025-06-02 02:01:12 +0000"
    },
    "done": true
  },
  "farmersdelight:recipes/food/sweet_berry_cookie": {
    "criteria": {
      "has_sweet_berries": "2025-06-02 02:01:34 +0000"
    },
    "done": true
  },
  "minecraft:recipes/building_blocks/dripstone_block": {
    "criteria": {
      "has_pointed_dripstone": "2025-06-02 02:02:25 +0000"
    },
    "done": true
  },
  "sophisticatedbackpacks:recipes/misc/magnet_upgrade": {
    "criteria": {
      "has_pickup_upgrade": "2025-06-02 02:02:32 +0000"
    },
    "done": true
  },
  "sophisticatedbackpacks:recipes/misc/advanced_pickup_upgrade": {
    "criteria": {
      "has_pickup_upgrade": "2025-06-02 02:02:32 +0000"
    },
    "done": true
  },
  "farmersdelight:main/eat_comfort_food": {
    "criteria": {
      "comfort": "2025-06-02 02:07:19 +0000"
    },
    "done": true
  },
  "ecologics:recipes/ecologics/crab_meat_from_smoking": {
    "criteria": {
      "crab_meat": "2025-06-02 02:20:00 +0000"
    },
    "done": true
  },
  "ecologics:recipes/ecologics/crab_meat_from_campfire_cooking": {
    "criteria": {
      "crab_meat": "2025-06-02 02:20:00 +0000"
    },
    "done": true
  },
  "ecologics:recipes/ecologics/crab_meat": {
    "criteria": {
      "crab_meat": "2025-06-02 02:20:00 +0000"
    },
    "done": true
  },
  "farmersdelight:main/plant_all_crops": {
    "criteria": {
      "sweet_berries": "2025-06-02 02:27:41 +0000",
      "potato": "2025-06-02 03:11:41 +0000",
      "carrot": "2025-06-03 03:42:31 +0000"
    },
    "done": false
  },
  "minecraft:recipes/food/cooked_chicken_from_campfire_cooking": {
    "criteria": {
      "has_chicken": "2025-06-02 02:34:30 +0000"
    },
    "done": true
  },
  "minecraft:recipes/food/cooked_chicken_from_smoking": {
    "criteria": {
      "has_chicken": "2025-06-02 02:34:30 +0000"
    },
    "done": true
  },
  "minecraft:recipes/food/cooked_chicken": {
    "criteria": {
      "has_chicken": "2025-06-02 02:34:30 +0000"
    },
    "done": true
  },
  "vinery:recipes/dirt_slab": {
    "criteria": {
      "has_dirt": "2025-06-02 02:42:45 +0000"
    },
    "done": true
  },
  "farmersdelight:main/get_rich_soil": {
    "criteria": {
      "get_rich_soil": "2025-06-02 02:43:34 +0000"
    },
    "done": true
  },
  "vinery:recipes/coarse_dirt_slab": {
    "criteria": {
      "has_coarse_dirt": "2025-06-02 02:43:34 +0000"
    },
    "done": true
  },
  "minecraft:recipes/building_blocks/coarse_dirt": {
    "criteria": {
      "has_gravel": "2025-06-02 02:53:06 +0000"
    },
    "done": true
  },
  "minecraft:recipes/brewing/cauldron": {
    "criteria": {
      "has_water_bucket": "2025-06-02 03:08:47 +0000"
    },
    "done": true
  },
  "minecraft:adventure/trade": {
    "criteria": {
      "traded": "2025-06-02 03:16:38 +0000"
    },
    "done": true
  },
  "new_slab_variants:recipes/building_blocks/spruce_log_slab": {
    "criteria": {
      "has_spruce_log": "2025-06-02 03:35:07 +0000"
    },
    "done": true
  },
  "minecraft:recipes/building_blocks/spruce_wood": {
    "criteria": {
      "has_log": "2025-06-02 03:35:07 +0000"
    },
    "done": true
  },
  "minecraft:recipes/building_blocks/spruce_planks": {
    "criteria": {
      "has_logs": "2025-06-02 03:35:07 +0000"
    },
    "done": true
  },
  "farm_and_charm:recipes/tomato_bag": {
    "criteria": {
      "has_tomato": "2025-06-02 03:36:34 +0000"
    },
    "done": true
  },
  "minecraft:story/shiny_gear": {
    "criteria": {
      "diamond_helmet": "2025-06-02 03:39:50 +0000"
    },
    "done": true
  },
  "minecraft:recipes/misc/white_dye": {
    "criteria": {
      "has_bone_meal": "2025-06-02 03:43:16 +0000"
    },
    "done": true
  },
  "overweight_farming:recipes/apply_fullmetal_directly_to_compost": {
    "criteria": {
      "has_bone_meal": "2025-06-02 03:43:16 +0000"
    },
    "done": true
  },
  "create:recipes/misc/crafting/appliances/tree_fertilizer": {
    "criteria": {
      "has_item": "2025-06-02 03:43:16 +0000"
    },
    "done": true
  },
  "minecraft:recipes/building_blocks/bone_block": {
    "criteria": {
      "has_bone_meal": "2025-06-02 03:43:16 +0000"
    },
    "done": true
  },
  "create:recipes/misc/crafting/tree_fertilizer": {
    "criteria": {
      "has_item": "2025-06-02 03:43:16 +0000"
    },
    "done": true
  },
  "vinery:recipes/spruce_wine_rack_big": {
    "criteria": {
      "has_spruce_planks": "2025-06-02 03:46:31 +0000"
    },
    "done": true
  },
  "vinery:recipes/spruce_wine_rack_small": {
    "criteria": {
      "has_spruce_planks": "2025-06-02 03:46:31 +0000"
    },
    "done": true
  },
  "vinery:recipes/grapevine_pot": {
    "criteria": {
      "has_spruce_planks": "2025-06-02 03:46:31 +0000"
    },
    "done": true
  },
  "minecraft:recipes/decorations/spruce_fence": {
    "criteria": {
      "has_planks": "2025-06-02 03:46:31 +0000"
    },
    "done": true
  },
  "create:recipes/building_blocks/spruce_window": {
    "criteria": {
      "has_ingredient": "2025-06-02 03:46:31 +0000"
    },
    "done": true
  },
  "vinery:recipes/dark_cherry_shelf": {
    "criteria": {
      "has_spruce_planks": "2025-06-02 03:46:31 +0000"
    },
    "done": true
  },
  "minecraft:recipes/redstone/spruce_button": {
    "criteria": {
      "has_planks": "2025-06-02 03:46:31 +0000"
    },
    "done": true
  },
  "minecraft:recipes/redstone/spruce_pressure_plate": {
    "criteria": {
      "has_planks": "2025-06-02 03:46:31 +0000"
    },
    "done": true
  },
  "minecraft:recipes/decorations/spruce_sign": {
    "criteria": {
      "has_planks": "2025-06-02 03:46:31 +0000"
    },
    "done": true
  },
  "minecraft:recipes/building_blocks/spruce_slab": {
    "criteria": {
      "has_planks": "2025-06-02 03:46:31 +0000"
    },
    "done": true
  },
  "minecraft:recipes/redstone/spruce_trapdoor": {
    "criteria": {
      "has_planks": "2025-06-02 03:46:31 +0000"
    },
    "done": true
  },
  "minecraft:recipes/redstone/spruce_door": {
    "criteria": {
      "has_planks": "2025-06-02 03:46:31 +0000"
    },
    "done": true
  },
  "minecraft:recipes/redstone/spruce_fence_gate": {
    "criteria": {
      "has_planks": "2025-06-02 03:46:31 +0000"
    },
    "done": true
  },
  "minecraft:recipes/building_blocks/spruce_stairs": {
    "criteria": {
      "has_planks": "2025-06-02 03:46:31 +0000"
    },
    "done": true
  },
  "farm_and_charm:main/eat_tomato": {
    "criteria": {
      "tomato": "2025-06-03 03:31:37 +0000"
    },
    "done": true
  },
  "minecraft:recipes/building_blocks/mossy_cobblestone_stairs_from_mossy_cobblestone_stonecutting": {
    "criteria": {
      "has_mossy_cobblestone": "2025-06-03 03:52:04 +0000"
    },
    "done": true
  },
  "minecraft:recipes/building_blocks/mossy_cobblestone_slab": {
    "criteria": {
      "has_mossy_cobblestone": "2025-06-03 03:52:04 +0000"
    },
    "done": true
  },
  "minecraft:recipes/building_blocks/mossy_cobblestone_stairs": {
    "criteria": {
      "has_mossy_cobblestone": "2025-06-03 03:52:04 +0000"
    },
    "done": true
  },
  "minecraft:recipes/building_blocks/mossy_cobblestone_slab_from_mossy_cobblestone_stonecutting": {
    "criteria": {
      "has_mossy_cobblestone": "2025-06-03 03:52:04 +0000"
    },
    "done": true
  },
  "minecraft:recipes/decorations/mossy_cobblestone_wall": {
    "criteria": {
      "has_mossy_cobblestone": "2025-06-03 03:52:04 +0000"
    },
    "done": true
  },
  "minecraft:recipes/decorations/mossy_cobblestone_wall_from_mossy_cobblestone_stonecutting": {
    "criteria": {
      "has_mossy_cobblestone": "2025-06-03 03:52:04 +0000"
    },
    "done": true
  },
  "minecraft:recipes/building_blocks/muddy_mangrove_roots": {
    "criteria": {
      "has_mangrove_roots": "2025-06-06 02:42:28 +0000"
    },
    "done": true
  },
  "farmersdelight:recipes/food/steak_and_potatoes": {
    "criteria": {
      "has_baked_potato": "2025-06-06 02:48:50 +0000"
    },
    "done": true
  },
  "farmersdelight:recipes/food/stuffed_potato": {
    "criteria": {
      "has_baked_potato": "2025-06-06 02:48:50 +0000"
    },
    "done": true
  },
  "minecraft:recipes/redstone/redstone_torch": {
    "criteria": {
      "has_redstone": "2025-06-06 03:31:20 +0000"
    },
    "done": true
  },
  "create:recipes/misc/crafting/logistics/pulse_extender": {
    "criteria": {
      "has_item": "2025-06-06 03:31:20 +0000"
    },
    "done": true
  },
  "netherexp:recipes/bone_blocks/bone_cortical": {
    "criteria": {
      "has_item": "2025-06-06 03:31:20 +0000"
    },
    "done": true
  },
  "minecraft:recipes/tools/spyglass": {
    "criteria": {
      "has_amethyst_shard": "2025-06-06 03:31:20 +0000"
    },
    "done": true
  },
  "create:recipes/misc/crafting/logistics/pulse_repeater": {
    "criteria": {
      "has_item": "2025-06-06 03:31:20 +0000"
    },
    "done": true
  },
  "minecraft:recipes/misc/bone_meal_from_bone_block": {
    "criteria": {
      "has_bone_block": "2025-06-06 03:31:20 +0000"
    },
    "done": true
  },
  "new_slab_variants:recipes/building_blocks/bone_block_slab": {
    "criteria": {
      "has_bone_block": "2025-06-06 03:31:20 +0000"
    },
    "done": true
  },
  "bosses_of_mass_destruction:recipes/void_lily": {
    "criteria": {
      "has_amethyst_shard": "2025-06-06 03:31:20 +0000"
    },
    "done": true
  },
  "minecraft:recipes/tools/compass": {
    "criteria": {
      "has_redstone": "2025-06-06 03:31:20 +0000"
    },
    "done": true
  },
  "minecraft:recipes/redstone/calibrated_sculk_sensor": {
    "criteria": {
      "has_amethyst_shard": "2025-06-06 03:31:20 +0000"
    },
    "done": true
  },
  "minecraft:recipes/building_blocks/tinted_glass": {
    "criteria": {
      "has_amethyst_shard": "2025-06-06 03:31:20 +0000"
    },
    "done": true
  },
  "minecraft:recipes/redstone/redstone_block": {
    "criteria": {
      "has_redstone": "2025-06-06 03:31:20 +0000"
    },
    "done": true
  },
  "netherexp:recipes/bone_blocks/stacked_bones": {
    "criteria": {
      "has_item": "2025-06-06 03:31:20 +0000"
    },
    "done": true
  },
  "ecologics:recipes/ecologics/surface_moss": {
    "criteria": {
      "has_moss_block": "2025-06-06 03:31:20 +0000"
    },
    "done": true
  },
  "netherexp:recipes/bone_blocks/wither/wither_bone_block": {
    "criteria": {
      "has_item": "2025-06-06 03:31:20 +0000"
    },
    "done": true
  },
  "minecraft:recipes/tools/clock": {
    "criteria": {
      "has_redstone": "2025-06-06 03:31:20 +0000"
    },
    "done": true
  },
  "create:recipes/misc/crafting/logistics/powered_latch": {
    "criteria": {
      "has_item": "2025-06-06 03:31:20 +0000"
    },
    "done": true
  },
  "minecraft:recipes/redstone/note_block": {
    "criteria": {
      "has_redstone": "2025-06-06 03:31:20 +0000"
    },
    "done": true
  },
  "minecraft:recipes/building_blocks/mossy_cobblestone_from_moss_block": {
    "criteria": {
      "has_moss_block": "2025-06-06 03:31:20 +0000"
    },
    "done": true
  },
  "createbigcannons:recipes/misc/wired_fuze": {
    "criteria": {
      "has_redstone": "2025-06-06 03:31:20 +0000"
    },
    "done": true
  },
  "new_slab_variants:recipes/building_blocks/moss_block_slab": {
    "criteria": {
      "has_moss_block": "2025-06-06 03:31:20 +0000"
    },
    "done": true
  },
  "create:recipes/misc/crafting/logistics/powered_toggle_latch": {
    "criteria": {
      "has_item": "2025-06-06 03:31:20 +0000"
    },
    "done": true
  },
  "minecraft:recipes/redstone/dropper": {
    "criteria": {
      "has_redstone": "2025-06-06 03:31:20 +0000"
    },
    "done": true
  },
  "minecraft:recipes/decorations/moss_carpet": {
    "criteria": {
      "has_moss_block": "2025-06-06 03:31:20 +0000"
    },
    "done": true
  },
  "minecraft:recipes/building_blocks/amethyst_block": {
    "criteria": {
      "has_amethyst_shard": "2025-06-06 03:31:20 +0000"
    },
    "done": true
  },
  "create:recipes/misc/crafting/materials/rose_quartz": {
    "criteria": {
      "has_item": "2025-06-06 03:31:20 +0000"
    },
    "done": true
  },
  "minecraft:recipes/building_blocks/mossy_stone_bricks_from_moss_block": {
    "criteria": {
      "has_moss_block": "2025-06-06 03:31:20 +0000"
    },
    "done": true
  },
  "minecraft:recipes/redstone/piston": {
    "criteria": {
      "has_redstone": "2025-06-06 03:31:20 +0000"
    },
    "done": true
  },
  "graveyard:graveyard/upper_bone_staff": {
    "criteria": {
      "upper_bone_staff": "2025-06-06 03:31:49 +0000"
    },
    "done": true
  },
  "minecraft:recipes/misc/bowl": {
    "criteria": {
      "has_mushroom_stew": "2025-06-06 03:35:17 +0000"
    },
    "done": true
  },
  "ecologics:recipes/food/mushroom_stew_from_coconut_husk": {
    "criteria": {
      "has_mushroom_stew": "2025-06-06 03:35:17 +0000"
    },
    "done": true
  },
  "minecraft:recipes/food/mushroom_stew": {
    "criteria": {
      "has_mushroom_stew": "2025-06-06 03:35:17 +0000"
    },
    "done": true
  },
  "minecraft:adventure/voluntary_exile": {
    "criteria": {
      "voluntary_exile": "2025-06-06 03:39:26 +0000"
    },
    "done": true
  },
  "minecraft:adventure/hero_of_the_village": {
    "criteria": {
      "hero_of_the_village": "2025-06-06 03:41:17 +0000"
    },
    "done": true
  },
  "mowziesmobs:kill_umvuthana_raptor": {
    "criteria": {
      "umvuthana_raptor": "2025-06-07 04:30:47 +0000"
    },
    "done": true
  },
  "farmersdelight:recipes/cooking/stuffed_pumpkin_block": {
    "criteria": {
      "has_pumpkin": "2025-06-07 04:44:19 +0000"
    },
    "done": true
  },
  "minecraft:recipes/food/pumpkin_pie": {
    "criteria": {
      "has_pumpkin": "2025-06-07 04:44:19 +0000"
    },
    "done": true
  },
  "minecraft:recipes/misc/yellow_dye_from_sunflower": {
    "criteria": {
      "has_sunflower": "2025-06-07 04:44:17 +0000"
    },
    "done": true
  },
  "new_slab_variants:recipes/building_blocks/pumpkin_slab": {
    "criteria": {
      "has_pumpkin": "2025-06-07 04:44:19 +0000"
    },
    "done": true
  },
  "farm_and_charm:recipes/corn": {
    "criteria": {
      "has_kernels": "2025-06-07 04:37:07 +0000"
    },
    "done": true
  },
  "graveyard:graveyard/root": {
    "criteria": {
      "grave_03": "2025-06-07 04:32:00 +0000"
    },
    "done": true
  },
  "minecraft:recipes/misc/pumpkin_seeds": {
    "criteria": {
      "has_pumpkin": "2025-06-07 04:44:19 +0000"
    },
    "done": true
  },
  "farmersdelight:recipes/cooking/pumpkin_soup": {
    "criteria": {
      "has_any_ingredient": "2025-06-07 04:44:19 +0000"
    },
    "done": true
  },
  "minecraft:recipes/food/pumpkin_seeds": {
    "criteria": {
      "has_pumpkin": "2025-06-07 04:44:19 +0000",
      "has_the_recipe": "2025-06-07 04:44:19 +0000"
    },
    "done": true
  },
  "minecraft:recipes/building_blocks/chiseled_deepslate": {
    "criteria": {
      "has_cobbled_deepslate_slab": "2025-06-07 04:32:02 +0000"
    },
    "done": true
  },
  "DataVersion": 3465
}